Menge;Bezeichnung;Typ;Bemerkungen;Bild;Link;X;Y
0;"Lˆtdraht Fluitin S 1532  0.75mm""";Lˆtzinn;(Schublade);;;;
6;1-fach OP  LF356;LF356;Feldeffekteingangsstufen;;;10;10
12;1-fach OP  TAA 765A;TAA 765A;nicht mehr lieferbar;;;20;21
6;1-fach OP  TLC 271;TLC 271;f¸År unsymetrische Spannungsversorgung;;;123;456
1;2-fach OP  1458P;1458P;PrÅ¸fungsplatine Arbeitsprobe ;;;10;10
6;2-fach OP  TL 082 CP;TL 082 CP;Feldeffekteingangsstufen;;;;
1;2-fach OP  TLC 272;TLC 272;;;;;
9;2-fach OP  UA747;UA747;;;;;
13;4-fach OP  LM324N;LM324N;;;;;
7;4-fach OP  LM339N;LM339N;Spannungskomparator;;;;
14;4-fach OP  LM348N;LM348N;;;;;
5;4-fach OP  LM3900;LM3900;;;;;
14;4-fach OP  TL084;TL084;Feldeffekteingangsstufen;;;;
9;7 Segmentanzeige  TDSR5110;TDSR5110;;;;;
2;7-Segmentanzeige  HDSP 3403;HDSP 3403;;;;;
12;7-Segmentanzeige  hp5082-7650;hp5082-7650;;;;;
0;7-Segmentanzeige  MAN8910;MAN8910;;;;;
16;7-Segmentanzeige  MAN8940;MAN8940;gemeinsame Kathode;;;;
15;7-Segmentanzeige  TDSR5150;TDSR5150;gemeinsame Anode;;;;
3;7-Segmentanzeige  TDSR5160;TDSR5160;gemeinsame Kathode;;;;
1;A/D Wandler  7106;7106;fÅ¸r 3,5 stellige LCD Anzeige;;;;
3;A/D Wandler  7107;7107;fÅ¸r 3,5 stellige LED Anzeige;;;;
8;Abgreifklemme rot  AK 2 S;AK 2 S;Schublade;;;;
9;Abgreifklemme schwarz  AK 2 S;AK 2 S;Schublade;;;;
38;Abstandshalter/Trans  TO-18;M1802D;;;;;
143;Abstandshalter/Trans  TO-5;M518-01N;;;;;
326;AbstandshÅlsen  10mm;10mm;Aussen 5,0mm Innen 3,4mm;;;;
13;AbstandshÅlsen  5mm;5mm;Aussen 5,0mm Innen 3,4mm;;;;
34;Anschluﬂklemme  2 pol. Reihbar;2 pol. reihbar;;;;;
16;Anschluﬂklemmen  6 pol. Reihbar;6 pol. reihbar;;;;;
54;Anschluﬂklemmen  MKDS 3/2-5.08;MKDS 3/2-5.08;2 pol. reihbar;;;;
8;Bandleitungstecker  CKV 34-023-L00;CKV 34-023-L00;;;;;
2;Batterie  V625 PX 1.35V;V625 PX 1.35V;fÅ¸r Metrix-Meﬂger‰t (Ausgabe);;;;
1;Batterieanschlu·  9V;440005P;;;;;
0;BaugruppenTr‰ger  2.360.008.9;2.360.008.9;Schublade2;;;;
33;Befestigungsmutter  M10;M10;;;;;
105;Befestigungsmutter  M6*0.75;M6*0.75;;;;;
0;Befestigungsmutter  M7;M7;;;;;
3;BNC-Buchse  UG 1094/u;UG 1094/u;;;;;
2;BNC-Stecker  UG88/US  50R;UG88/US  50R;;;;;
1;BuchseKFV7107P  7pol.;7pol.;;;;;
1;Buchsenleiste  36pol/einreihig;36pol/einreihig;;;;;
1;Buchsenstecker  A-DF09LL/Z;A-DF09LL/Z;;;;;
11;Buchsenstecker  A-DF25LL/Z;A-DF25LL/Z;;;;;
2;Bus Controler  8288;8288;;;;;
10;BÅ¸schelstecker 4mm  rot;;Schublade;;;;
26;BÅ¸schelstecker 4mm  schwarz;BöELA30K;Schublade;;;;
5;Cinchbuchse  BTO-1;BTO-1;;;;;
1;CMOS  14560;14560;;;;;
6;CMOS  4001;4001;;;;;
2;CMOS  4002;4002;;;;;
1;CMOS  4007;4007;;;;;
4;CMOS  40106;40106;;;;;
5;CMOS  4011;4011;;;;;
4;CMOS  4012;4012;;;;;
5;CMOS  4013;4013;;;;;
2;CMOS  4015;4015;;;;;
3;CMOS  4016;4016;;;;;
5;CMOS  4017;4017;;;;;
3;CMOS  40193;40193;;;;;
2;CMOS  4020;4020;;;;;
5;CMOS  4024;4024;;;;;
3;CMOS  4027;4027;;;;;
6;CMOS  4028;4028;;;;;
8;CMOS  4030;4030;;;;;
7;CMOS  4040;4040;;;;;
5;CMOS  4041;4041;;;;;
7;CMOS  4042;4042;;;;;
8;CMOS  4046;4046;;;;;
5;CMOS  4047;4047;;;;;
5;CMOS  4049;4049;;;;;
5;CMOS  4050;4050;;;;;
8;CMOS  4051;4051;;;;;
4;CMOS  4052;4052;;;;;
5;CMOS  4055;4055;;;;;
5;CMOS  4060;4060;;;;;
1;CMOS  4063;4063;;;;;
5;CMOS  4066;4066;wie 4016, aber 90 Ohm statt 300 Ohm;;;;
2;CMOS  4068;4068;;;;;
8;CMOS  4069;4069;;;;;
3;CMOS  4070;4070;;;;;
3;CMOS  4073;4073;;;;;
18;CMOS  4075;4075;;;;;
7;CMOS  4076;4076;;;;;
6;CMOS  4081;4081;;;;;
7;CMOS  4082;4082;;;;;
14;CMOS  4093;4093;;;;;
0;CMOS  4510;4510;;;;;
9;CMOS  4511;4511;;;;;
1;CMOS  4512;4512;;;;;
2;CMOS  4514;4514;;;;;
1;CMOS  4516;4516;;;;;
20;CMOS  4518;4518;;;;;
1;CMOS  4520;4520;;;;;
4;CMOS  4528;4528;;;;;
12;CMOS  4538;4538;;;;;
2;CMOS  4555;4555;;;;;
1;CMOS 4160;4160;;;;;
2;CPU  8085;8085;;;;;
4;CPU 8048;CPU 8048;;;;;
2;Diac  A9902;A9902;;;;;
6;Dil-Schalter  DBS4104;DBS4104;;;;;
5;Dil-Schalter  DBS4108;DBS4108;;;;;
10;Dil-Schalter  DSS203;DSS203;;;;;
72;Diode  1N4007;1N4007;;;;;
102;Diode  1N4148;1N4148;;;;;
37;Diode  AA133;AA133;;;;;
7;Diode  BA159;BA159;;;;;
4;Diode  BY255;BY255;;;;;
4;Diode  P600G;P600G;;;;;
4;Diode  SKR-26/08;SKR-26/08;max. 14 A mit KÅ¸hlkˆrper ;;;;
2;Diodenbuchse  Buchse 5pol;Buchse 5pol 45¯;;;;;
1;Diodenleitung;..;Schrank5;;;;
6;Diodenstecker  5pol;5pol;;;;;
7;DIP-FIX Schalter  8pol;8pol;;;;;
1;Diskriminator  TCA 965;TCA 965;;;;;
5;Druckschalter  2 FA (rastend);2 FA (rastend);;;;;
9;Druckschalter  ZG 12 (rastend);ZG 12 (rastend);;;;;
6;EEPROM  28C16;28C16;;;;;
3;Einbaumessger‰t  15V;15V;(Schublade);;;;
5;Einbaumessger‰t  1A;1A;(Schublade);;;;
7;Einbaumessger‰t  30V;30V;(Schublade);;;;
44;Elko  0.47uF;0.47uF;;;;;
29;Elko  1000uF;1000uF;;;;;
30;Elko  100uF;100uF;;;;;
31;Elko  10uF;10uF;RM2 35V;;;;
32;Elko  1uF;1uF;;;;;
10;Elko  2.2uF;2.2uF;;;;;
41;Elko  2200uF;2200uF;im gelben Schrank ligen ca. 150 StÅck;;;;
9;Elko  220uF;220uF;63V 26*10;;;;
4;Elko  22uF RM17.5;22uF;;;;;
10;Elko  22uF RM35;22uF;;;;;
24;Elko  4.7uF;4.7uF;;;;;
6;Elko  4700uF;4700uF;;;;;
1;Elko  4700uF;4700uF;;;;;
5;Elko  4700uF/16V;4700uF/16V;Typ:B41306;;;;
37;Elko  470uF;470uF;63V 31,5*13;;;;
67;Elko  47uF;47uF;RM2 35V;;;;
1;EPROM  2716;2716;;;;;
0;Federleiste  100-032-455;100-032-455;;;;;
0;Federleiste  100-032-457;100-032-457;;;;;
0;Federleiste  100-532-451;100-532-451;;;;;
0;Federleiste  104-015-414;104-015-414;Schublade2;;;;
0;Federleiste  160-964-553;160-964-553;;;;;
0;Federleiste  C42 334-A56-A41;C42 334-A56-A41;;;;;
14;Federleiste 34-pol.  CKV 34-023;CKV 34-023;;;;;
6;Feinsicherung  0.4A tr‰ge;0.4A trÑge;;;;;
10;Feinsicherung  0.5A flink;0.5A flink;;;;;
10;Feinsicherung  0.5A tr‰ge;0.5A trÑge;;;;;
10;Feinsicherung  0.8A flink;0.8A flink;;;;;
7;Feinsicherung  0.8A tr‰ge;0.8A trÑge;;;;;
11;Feinsicherung  1.6A flink;1.6A flink;;;;;
19;Feinsicherung  1.6A tr‰ge;1.6A trÑge;;;;;
14;Feinsicherung  100mA mitteltr‰ge;100mA mitteltr;;;;;
11;Feinsicherung  10A tr‰ge;10A trÑge;;;;;
10;Feinsicherung  125mA flink;125mA flink;;;;;
10;Feinsicherung  1A flink;1A flink;;;;;
6;Feinsicherung  1A tr‰ge;1A trÑge;;;;;
28;Feinsicherung  2.5A flink;2.5A flink;;;;;
2;Feinsicherung  200mA flink;200mA flink;;;;;
16;Feinsicherung  250mA flink;250mA flink;;;;;
6;Feinsicherung  2A flink;2A flink;;;;;
24;Feinsicherung  3.15A flink;3.15A flink;;;;;
10;Feinsicherung  315mA flink;315mA flink;;;;;
5;Feinsicherung  32mA flink;32mA flink;;;;;
24;Feinsicherung  4A flink;4A Flink;;;;;
6;Feinsicherung  50mA flink;50mA flink;;;;;
15;Feinsicherung  6.3A flink;6.3A flink;;;;;
16;Feinsicherung  6.3A tr‰ge;6.3A trÑge;;;;;
21;Feinsicherung 2A tr‰ge;2A trÑge;;;;;
13;FET  BF245;BF245;N-Kanal;;;;
4;FET  BS170;BS170;N-Kanal;;;;
10;FET  BSS100;BSS100;N-Kanal;;;;
4;FET  BUK456;BUK456;;;;;
7;FET  BUZ21;BUZ21;N-Kanal;;;;
108;FlachsteckhÅ¸lse  1040/00;1040/00;;;;;
246;FlachsteckhÅ¸lse  1045/00;1045/00;"passend zu Steckzungen ;;;;
45;FlachsteckhÅ¸lse  B1507;B1507;50 Stk, 0,5-1,5mm2;;;;
79;FlachsteckhÅlse  B2507;B2507;50 Stk;;;;
5;FlachsteckhÅlse  Flak 6.3;Flak 6.3;6,3 x 0,8 mm;;;;
3;Flachtaster;Flachtaste;1 Wechsler, schwarz, AnschlÅsse im Raster ";;;;
28;Folienkondensator  0.15uF RM5;0.15uF RM5;;;;;
34;Folienkondensator  0.1uF RM22.5;0.1uF RM22.5;;;;;
9;Folienkondensator  0.33uF;0.33uF;;;;;
0;Folienkondensator  0.33uF RM27.5;0.33uF RM27.5;;;;;
38;Folienkondensator  0.47uF;0.47uF;;;;;
58;Folienkondensator  0.47uF;0.47uF;;;;;
36;Folienkondensator  0.47uF RM5;0.47uF RM5;;;;;
34;Folienkondensator  0.68uF;0.68uF/63V;MKS4;;;;
11;Folienkondensator  1.5uF/160V;1.5uF/160V;TFM 2;;;;
2;Folienkondensator  100nF;100nF;;;;;
37;Folienkondensator  100nF RM10;100nF RM 10;fÅr NetzgerÑt 15V;;;;
15;Folienkondensator  100nF RM5;100nF RM 5;;;;;
15;Folienkondensator  10nF RM15;10nF RM15;;;;;
16;Folienkondensator  15nF;15nF;;;;;
0;Folienkondensator  15nF RM5;15nF RM5;;;;;
10;Folienkondensator  1nF;1nF;;;;;
20;Folienkondensator  1uF;1uF;;;;;
62;Folienkondensator  220nF;220nF;;;;;
18;Folienkondensator  3.3nF;3.3nF;;;;;
3;Folienkondensator  3.3uF/;3.3uF/63V;TFM 2;;;;
34;Folienkondensator  330nF;330nF;;;;;
97;Folienkondensator  330pF;330pF;;;;;
0;Folienkondensator  330pF RM5;330pF RM5;;;;;
9;Folienkondensator  33nF RM5;33nF RM5;;;;;
51;Folienkondensator  47nF RM15;47nF RM15;;;;;
19;Folienkondensator  47nF RM5;47nF RM5;;;;;
4;Folienkondensator  68nF RM5;68nF RM5;;;;;
5;Fotodiode  BPW34;BPW34;;;;;
5;Fototransistor  BPW 40;BPW 40;;;;;
55;Fototransistor  BPY62;BPY62;;;;;
1;Frequenzgenerator 8038;8038;;;;;
0;Frontplatte 5TE  2.350.252.9;2.350.252.9;Schublade2;;;;
0;Frontplatte 8TE  2.350.255.9;2.350.255.9;Schublade2;;;;
0;FÅhrungsschiene  2.310.010.3;2.310.010.3;Schublade2;;;;
3;Ger‰tedose  T 3363 000;T 3363 000;;;;;
12;Ger‰tefuﬂ  3100BLACK;3100BLACK;;;;;
6;Gleichrichter  B250C800;B250C800;;;;;
22;Gleichrichter  B80C1500;B80C1500;;;;;
2;Gleichrichter  B80C2000;B80C2000;;;;;
8;Gleichrichter  B80C3700;B80C3700;;;;;
15;Gleichrichter  B80C5000;B80C5000;;;;;
5;Gleichrichter  B80C800;B80C800;;;;;
4;Gleichrichter  SKD 25/02;SKD 25/02;"Silizium Drehstrom-BrÅckengleichrichter,in ;;;;
47;Glimmerscheibe  T-220;T-220;;;;;
47;Glimmerscheibe  TO-3;TO-3;;;;;
0;Griffe 3HE  2.350.230.9;2.350.230.9;Schublade2;;;;
0;Griffleisten  2.350.200.9;2.350.200.9;Schublade2;;;;
0;HaltebÅgel  .;..;;;;;
109;Halter f¸År Kabelbinder  TM 2 S 6-M;TM 2 S 6-M; (Ausgabe);;;;
0;Heiﬂleiter  10K;10K;NTC;;;;
6;Heiﬂleiter  4.7K;4.7K;;;;;
0;Heiﬂleiter  500R;500R;;;;;
1;HF-Leitung  RG58CU;RG58CU;Schrank5;;;;
5;HSS-Spiralbohrer Typ203 1,0mm;..;;;;;
5;HSS-Spiralbohrer Typ203 1,3mm;..;;;;;
5;HSS-Spiralbohrer Typ203 1,4mm;..;;;;;
3;HSS-Spiralbohrer Typ203 1,5mm;..;;;;;
2;I/O Ports  8212;8212;E/A;;;;
4;IC  2114;2114;;;;;
2;IC  6116;6116;Interface;;;;
2;IC  8156C;8156C;;;;;
6;IC  FZH111;FZH111;;;;;
1;IC  FZH251;FZH251;;;;;
3;IC  FZH261;FZH261;;;;;
2;IC  FZH281;FZH281;;;;;
3;IC  FZH291;FZH291;;;;;
3;IC  SN75188;SN75188;;;;;
2;IC  SN75189;SN75189;;;;;
5;IC  SN75478;SN75478;;;;;
1;IC-Fassung  22 pol;22 pol;;;;;
10;IC-Fassung  24 pol;24 pol;;;;;
5;IC-Fassung  28 pol;28 pol;;;;;
6;IC-Fassung  40 pol;40 pol;;;;;
23;IC-Fassung 390261-2  8 pol;8 pol;;;;;
75;IC-Fassung 390261-3  14 pol;14 pol;;;;;
5;IC-Fassung 390261-4  16 pol;16 pol;;;;;
36;IC-Fassung 390261-5  18 pol;18 pol;;;;;
17;IC-Fassung 390261-6  20pol;20 pol;;;;;
6;IC-Fassung AG11  6pol;6 pol;;;;;
2;IC-Testfassung  24pol;24pol;;;;;
0;IC-Testfassung  40 pol;40 pol.;;;;;
2;IR-Diode  CQY78;CQY78;;;;;
1;IR-Diode  SFH 206;SFH 206;;;;;
9;IR-Diode LD271;LD271;;;;;
1;IR-Diode SFH205;SFH205;;;;;
17;Isolierbuchse  IB 4;IB 4;;;;;
28;Isolierbuchse  IB2;IB2;;;;;
31;Isolierbuchse  TO-3;TO-3;;;;;
34;Isotuellen  ISO 1003 FL;ISO 1003 FL;;;;;
31;Isotuellen  ISO 1005 FL;ISO 1005 FL;;;;;
8;Isotuellen  ISO 1507 H;ISO 1507 H;;;;;
1;Kabelstecker/5pol  T 3360 001;T 3360 001;Nur fÅr ZwischenprÅng;;;;
7;Kaltger‰te-Einbau m.Schal 18521102;18521102;;;;;
0;Kammrelais  F104;F104;Schrank3;;;;
10;Kapazit‰tsdiode  BA102;BA102;;;;;
10;Kapazit‰tsdiode  BA110;BA110;;;;;
0;Kasette 28/t21  2.350.321.9;2.350.321.9;Schublade2;;;;
0;Keramikkondensator  100nF;100nF;;;;;
6;Keramikkondensator  100pF;100pF;;;;;
13;Keramikkondensator  10nF;10nF;;;;;
43;Keramikkondensator  120pF;120pF;;;;;
11;Keramikkondensator  12pF;12pF;;;;;
10;Keramikkondensator  15pF;15pF;;;;;
11;Keramikkondensator  2.2nF;2.2nF;;;;;
14;Keramikkondensator  2.2nF;2.2nF;;;;;
32;Keramikkondensator  220pF;220pF;;;;;
3;Keramikkondensator  22nF;22nF;;;;;
33;Keramikkondensator  22pF;22pF;;;;;
14;Keramikkondensator  270pF;270pF;;;;;
107;Keramikkondensator  27pF;27pF;;;;;
41;Keramikkondensator  3.3nF;3.3nF;;;;;
67;Keramikkondensator  3.3nF;3.3nF;;;;;
64;Keramikkondensator  3.3pF/100V;3.3pF/100V;;;;;
0;Keramikkondensator  330pF;330pF;;;;;
17;Keramikkondensator  4.7nF;4.7nF;;;;;
31;Keramikkondensator  470pF;470pF;;;;;
23;Keramikkondensator  47pF;47pF;;;;;
13;Keramikkondensator  6.8nF;6.8nF;;;;;
19;Keramikkondensator  6.8pF;6.8pF;;;;;
11;Keramikkondensator  680pF;680pF;;;;;
7;Kippschalter  1pol.;1pol.;LˆtˆsenanschlÅsse, Belastbarkeit 250V~/2A;;;;
9;Kippschalter  2 pol.;2 pol.;250V/2A,2pol Aus, ";;;;
10;Kippschalter  3pol. Wechsler;3PDT EIN-EIN;3pol. Wechsler,;;;;
4;Kleinlammpe  12V/85mA;12V/85mA;;;;;
3;Kleintaster  Schlieﬂer;Schlie·er;;;;;
11;Kleintaster  ÷ffner;Kleintaster;Fur ZwischenprÅfung;;;;
2;Klemmpr¸Åfspitze rot  KLEPS 250;KLEPS 250;Schublade;;;;
2;Klemmpr¸fspitze schwarz  KLEPS 250;KLEPS 250;Schublade;;;;
7;Klinkenbuchse  J110;J110;;;;;
5;Klinkenbuchse  LJ109;LJ109;;;;;
9;Klinkenstecker  KP 3;KP 3;;;;;
5;Klinkenstecker  LP110A;LP110A;;;;;
0;Knopf;KM406;fÅr 231-0255;;;;
12;Knˆpfe  12mm/4mmAchse;12mm/4mmAchse;;;;;
12;Knˆpfe  20mm/6mmAchse;20mm/6mmAchse;;;;;
0;Kupferdraht, verzinnt  0.5 mm;TCW25 250G;;;;;
10;KÅ¸hlkˆrper  FK 201/SA-CB;FK 201/SA-CB;FÅr T03,9,32,66,RTH6K/W;;;;
16;KÅ¸hlkˆrper  SKK510 BC140;SKK510 BC140;;;;;
9;Lampe E10/24V  .;.;;;;;
0;Lampen E10/6V  .;..;;;;;
10;Lampenfassung  5253-10-26;26.10.5253;mit Lˆtanschluﬂ;;;;
17;Lautsprecherbuchse  LB-2;LB-2;Einbaubuchse;;;;
1;Lautsprecherbuchse  Lk91;Lk91;;;;;
1;Lautsprecherleitung  NYFAZ 2*1.0;NYFAZ 2*1.0;Schrank5;;;;
0;Lautsprecherstecker  LS-9;LS-9;;;;;
2;LCD Anzeige  LCD 3.5-13;LCD 3.5-13;;;;;
1;LCD-Anzeige 6902;6902;;;;;
35;LED 3mm gelb  T1/Standard;T1/Standard;;;;;
31;LED 3mm grÅn  T1/Standard;T1/Standard;;;;;
14;LED 3mm rot  T1/Standard;T1/Standard;;;;;
27;LED 5mm flach rot  L 383;L 383 HDT;;;;;
17;LED 5mm gelb  TLHY5405;TLHY5405;;;;;
41;LED 5mm grÅn  TLHG5405;TLHG5405;;;;;
20;LED 5mm rot  TLHR5401;TLHR5401;;;;;
14;LED-Band LD464;LD464;;;;;
15;LED-Fassung  3mm klar;3mm klar;;;;;
4;LED-Fassung  3mm schwarz;3mm schwarz;;;;;
0;LED-Fassung  5mm klar;5mm klar;;;;;
92;LED-Fassung  5mm schwarz;5mm schwarz;;;;;
6;Leistungstransistor  2N3055;2N3055;NPN;;;;
1;Leistungstransistor  AD149;AD149;PNP;;;;
14;Leistungstransistor  BD135;BD135;;;;;
9;Leistungstransistor  BD136;BD136;PNP;;;;
4;Leistungstransistor  BD207;BD207;NPN;;;;
12;Leistungstransistor  BD237;BD237;NPN;;;;
6;Leistungstransistor  BD238;BD238;PNP;;;;
5;Leistungstransistor  BD441;BD441;NPN;;;;
3;Leistungstransistor  BD679;BD679;NPN Darlington;;;;
5;Leistungstransistor  BD680;BD680;PNP Darlington;;;;
1;Leistungstransistor  BU108;BU108;NPN;;;;
25;Leistungstransistor  BUX80;BUX80;PNP;;;;
2;Leistungstransistor  MJ2501;MJ2501;PNP;;;;
1;Leitpaste  WLP 35;WLP 35;;;;;
47;LeitungseinfÅhrung  HV1216;HV1216;;;;;
2184;Lˆth¸Ålse 1.3mm  .;..;Passend zu 361-0007;;;;
0;Lˆtkolben;TCP S;12V / 30W;;;;
2;Lˆtkolben  TCP 24;TCP 24;24V / 50W;;;;
4;Lˆtkolbenst‰nder  KH 1;KH 1;Schublade;;;;
0;Lˆtstifte 1.3mm  .;..;100 Stk,  Passen zu361-0001;;;;
225;Lˆtˆse  3.2mm  .;.;250 Stk;;;;
185;Lˆtˆse 3.2mm  .;.;250 Stk;;;;
318;Lˆtˆse 4.3mm  60.2804.51;60.2804.51;250 Stk;;;;
21;Lˆtˆsenleiste 12 SL;12 SL;L‰nge 1m, Kontakte 125 (Pr¸Åfungsschrank);;;;
0;Messerleiste  100-533-053;100-533-053;;;;;
0;Messerleiste  100-964-05;100-964-05;;;;;
0;Messerleiste  100-964-451;100-964-451;;;;;
0;Messerleiste  104-015-414;104-015-414;Schublade2;;;;
0;Messerleisten  100-032-05;100-032-053;;;;;
0;Messleitung-Set schw. / rot;;f¸År Durchgangspr¸Åfer (Schublade);;;;
0;Miniaturschalter 1pol. Wechsler;SPDT;1pol. Wechsler;;;;
4;Miniaturschalter 2pol.Wechsler;DPDT;2pol. Wechsler Ein - Ein;;;;
10;Miniaturschalter TE - 0 - Ein;SPDT;TastEin - Aus - Ein;;;;
4;Multiplizierer  RL4200;RL4200;f¸År Leistungsmeﬂger‰t;;;;
14;Netzwerk  8*10K;8*10K;;;;;
6;Netzwerk  Dil 16/15*4.7K;Dil 16/15*4.7K;;;;;
2;Netzwerk  Dil 16/8* 47R;Dil 16/8* 47R;;;;;
3;Netzwerk  Dil16/8*4.7K;Dil16/8*4.7K;;;;;
10;NPN-Transistor  2N2369;2N2369;;;;;
7;NPN-Transistor  BC141;BC141;;;;;
16;NPN-Transistor  BC517;BC517;Darlington;;;;
50;NPN-Transistor  BC546;BC546;Ersatztyp BC547;;;;
50;NPN-Transistor  BC547;BC547;Ersatztyp BC546;;;;
59;NPN-Transistor  BC550;BC550;;;;;
48;NPN-Transistor  BC639;BC639;;;;;
11;NPN-Transistor  BC879;BC879;;;;;
7;NPN-Transistor  BF759;BF759;;;;;
7;NPN-Transistor  BSX46;BSX46;;;;;
2;Nullspannungsschalt.  U106BS;U106BS;;;;;
8;OP-rauscharm  NE5534;NE5534;;;;;
22;Optokoppler  CNY17;CNY17;;;;;
9;Optokoppler  TIL111;TIL111;;;;;
4;Optpkoppler  CNY22;CNY22;;;;;
3;Oszillator  MM5369;MM5369;;;;;
2;Phasenanschnitts..  TCA 785;TCA 785;Phasenanschnittsteuerung;;;;
11;Piezo-Schallwandler;..;ohne Elektronik;;;;
20;Platine Lˆtpunktraster  RE 200HP;RE 200 HP;Lˆtpunktraster;;;;
33;Platine Lˆtpunktraster  RE 525 HP;RE 525 HP;Lˆtpunktraster mit Steckeranschluﬂ;;;;
30;Platine Lˆtstreifen  RE 521 HP;RE 521 HP;Lˆtstreifenraster mit Steckeranschluﬂ;;;;
30;Platine Lˆtstreifenraster RE 520 HP;RE 520 HP;Lˆtstreifenraster;;;;
0;Platinenhalter  2.300.041.9;2.300.041.9;Schublade2;;;;
5;PNP-Transistor  AC187K;AC187K;;;;;
5;PNP-Transistor  AC188K;AC188K;;;;;
11;PNP-Transistor  BC161-10;BC161-10;;;;;
23;PNP-Transistor  BC327;BC327;;;;;
19;PNP-Transistor  BC516;BC516;Darlington;;;;
15;PNP-Transistor  BC556;BC556;;;;;
24;PNP-Transistor  BC560;BC560;;;;;
3;PNP-Transistor  BC640;BC640;;;;;
13;PNP-Transistor  BC880;BC880;;;;;
4;PNP-Transistor  BF423;BF423;;;;;
2;Poti  100K;100K;linear/4mm Achse;;;;
6;Poti  100R;100R;linear/4mm Achse;;;;
2;Poti  10K;10K;linear;;;;
8;Poti  10K;10K;linear/4mm Achse;;;;
13;Poti  1K;1K;linear/4mm Achse;;;;
6;Poti  1M;1M;linear/4mm Achse;;;;
12;Poti  2.2K;2.2K;linear/4mm Achse;;;;
5;Poti  22K;22K;linear/4mm Achse;;;;
15;Poti  4.7K;4.7K;linear/6mm Achse ,liegen auch im anderen Schrank;;;;
1;Poti  500K;500K;6mm Achse;;;;
7;Poti  5K;5K;linear/4mm Achse;;;;
8;Poti  5K;5K;linear/6mm Achse;;;;
4;Poti m.Schalter  1.2M;1.2M;;;;;
1;prog.Com. Interface  8251;8251;E/A;;;;
1;prog.E/A Baustein  8255;8255;;;;;
0;Pruefspitze rot  PP130;PP130;Schublade;;;;
1;Pruefspitze schwarz  PP130;PP130;;;;;
6;Punktmatrixanz.  TIL 305;TIL 305;;;;;
1;Quarz  2.458MHz;2.458MHz;;;;;
6;Quarz  3.5MHz;3.5MHz;;;;;
6;Quarz  3MHz;3MHz;;;;;
5;Quarz  4.19MHz;4.19MHz;;;;;
8;Quarz  4MHz;4MHz;;;;;
0;Reedschalter  2825;2825;;;;;
3;Relais  RE 030 005;RE 030 005;5V, Print;;;;
3;Relais  RE 030 012;RE 030 012;12 V, Print;;;;
0;Relaisfassung  V23154 Z1002;V23154 Z1002;Platinenenanschlu·;;;;
8;Relaisfassung  V23154 Z1006;V23154 Z1006;Lîtanschlu·;;;;
0;Schaltlitze blau  LiY 0.14;LiY 0.14;;;;;
0;Schaltlitze blau  LiY 0.25;LiY 0.25;;;;;
0;Schaltlitze blau  LiY 0.5;LiY 0.5;;;;;
0;Schaltlitze braun  LiY 0.14;LiY 0.14;;;;;
0;Schaltlitze braun  LiY 0.25;LiY 0.25;;;;;
0;Schaltlitze braun  LiY 0.5;LiY 0.5;;;;;
0;Schaltlitze rot  LiY 0.14;LiY 0.14;;;;;
0;Schaltlitze rot  LiY 0.25;LiY 0.25;;;;;
0;Schaltlitze rot  LiY 0.5;LiY 0.5;;;;;
0;Schaltlitze schwarz  LiY 0.14;LiY 0.14;;;;;
0;Schaltlitze schwarz  LiY 0.25;LiY 0.25;;;;;
0;Schaltlitze schwarz  LiY 0.5;LiY 0.5;;;;;
4;Schiebeschalter  2 pol. Umsch.;MFS201N;;;;;
1;Schrumpfschlauch  HFT-A 16;HFT-A 16;;;;;
2;Schrumpfschlauch  HFT-A 32;HFT-A 32;;;;;
8;Schwamm  5224 1999;..;Lîtstation;;;;
3;Sicherung 15A;OKLKO15.VX832;Sicherung fÅr Fluke-Multimeter (Ausgabe);;;;
4;Sicherung 1A  830828;830828;fÅr Fluke-Multimeter (Ausgabe);;;;
2;Sicherungsclips  .;..;;;;;
6;Sicherungshalter (Print1) 19763;19763;Passend zu 254-0323;;;;
3;Sicherungshalter (Print2) 19652;19652;Passend zu 254-0333;;;;
13;Sicherungshalter (Print3) 19596;19596;Passend zu 2;;;;
11;Sicherungshalter (Typ1)  19601;19601;fÅr NetzgerÑt,Passend zu 254-0216;;;;
0;Sicherungshalter (Typ2)  19466;19466;Passend zu 254-0379;;;;
0;Sicherungskappe (Print1) 19764;19764;Passend zu 253-0303;;;;
4;Sicherungskappe (Print2) 19653;19653;;;;;
11;Sicherungskappe (Print3) 19583;19583;;;;;
15;Sicherungskappe (Typ1)  19602 S;19602 S;f¸År Netzger‰t;;;;
8;Sicherungskappe (Typ2)  19585 III;19585 III;Passend zu 253-0370;;;;
7;Signalleuchte  24V/rot;24V/rot;;;;;
1;Silikonleitung  SIHF 2*0.75;SIHF 2*0.75;Schrank5;;;;
0;Silikonleitung  SIHF-J 3*0.75;SIHF-J 3*0.75;Schrank5;;;;
7;Spannungsregler neg  7905;7905;;;;;
7;Spannungsregler neg  7905C;7905C;;;;;
26;Spannungsregler neg  7908C;7908C;;;;;
7;Spannungsregler neg  7912;7912;;;;;
17;Spannungsregler neg  7912C;7912C;;;;;
4;Spannungsregler neg  7915;7915;;;;;
13;Spannungsregler neg  7915C;7915C;;;;;
2;Spannungsregler neg  7915K;7915K;;;;;
57;Spannungsregler pos  7805;7805;nicht bestellen;;;;
4;Spannungsregler pos  7805;7805;;;;;
57;Spannungsregler pos  7805C;7805C;;;;;
14;Spannungsregler pos  7808;7808;;;;;
52;Spannungsregler pos  7808C;7808C;;;;;
6;Spannungsregler pos  7812;MC7812CT;TO220, 1A;;;;
9;Spannungsregler pos  7812;7812;;;;;
2;Spannungsregler pos  7815C;7815C;;;;;
3;Spannungsregler pos  7815K;7815K;;;;;
7;Spannungsregler pos  7824C;7824C;;;;;
5;Spannungsregler pos  L78S09;L78S09;nicht bestellen;;;;
5;Spannungsregler uni  723;LM723CN;;;;;
1;Spannungsregler uni  LM309K;LM309K;;;;;
3;Spannungsregler uni  LM317K;LM317K;;;;;
7;Spannungsregler uni  LM317T;LM317T;;;;;
9;Spannungsregler uni  LM323K;LM323K;;;;;
7;Spannungsregler uni  LM337K;LM337K;;;;;
6;Spannungsregler uni  LM337T;LM337T;;;;;
3;Spannungsregler uni  SG4501;SG4501;+,- 15V;;;;
16;Spindeltrimmer  1M;1M;linear;;;;
11;Spindeltrimmer  2K;2K;linear;;;;
10;Spindeltrimmer  500R;500R;linear;;;;
1;Stabmagnet  4*12mm;4*12mm;;;;;
19;Steckbuchse  blau/4mm;blau/4mm;;;;;
13;Steckbuchse  gelb/4mm;gelb/4mm;;;;;
17;Steckbuchse  rot/4mm;rot/4mm;;;;;
2;Steckbuchse  schw/4mm;schw/4mm;;;;;
2;Stecker SV71  7pol;7pol;;;;;
0;Steckerbuchse  H11M-C2A;H11M-C2A;;;;;
0;Steckerbuchsen  CKG 21-031J4;CKG 21-031J4;;;;;
1;Steckergeh‰use  AGP 15P;AGP 15P;;;;;
11;Steckergeh‰use  AGP 25P;AGP 25P;;;;;
0;Steckerleiste  CKG 21-031N4;CKG 21-031N4;;;;;
0;Steckerleiste  H11F-C25;H11F-C25;;;;;
194;Steckh¸Ålse  1.3 mm;1.3 mm;50 Stk, Lˆtanschluﬂ;;;;
991;SteckhÅ¸lse  1mm;1mm;50 Stk;;;;
393;Stecklˆtˆsen  fÅr 1 mm Loch;fÅr 1 mm Loch;250 Stk;;;;
22;Stiftleiste  .;.;;;;;
1;Stiftleiste  C42334-A55-A407;C42334-A55-A407;;;;;
5;Stiftstecker  A-DS09LL/Z;A-DS09LL/Z;;;;;
7;Stiftstecker  A-DS15LL/Z;A-DS15LL/Z;;;;;
9;Stiftstecker  A-DS25LL/Z;A-DS25LL/Z;;;;;
3;Stufenschalter  1*12;1*12;;;;;
6;Stufenschalter  2*6;2*6;;;;;
36;Styroflex-Konden.  100pF;100pF;;;;;
16;Styroflex-Konden.  470pF;470pF;bis 160V;;;;
0;SubD GehÑuse  9 pol. Schwarz;DPPK;;;;;
1;Summer 12V  .;..;;;;;
7;Suppressordiode  BZW70/18P;BZW70/18P;;;;;
0;Tandempoti  10K;10K;;;;;
3;Tandempoti  1K;1K;6mm Achse;;;;
2;Tandempoti  1K;1K;4mm Achse;;;;
2;Tandempoti  5K;5K;6mm Achse;;;;
28;Tantalelko  0.22uF;0.22uF;;;;;
13;Tantalelko  1.5uF;1.5uF;;;;;
10;Tantalelko  10uF;10uF;;;;;
2;Tantalelko  150nF;150nF;;;;;
13;Tantalelko  1uF;1uF;;;;;
40;Tantalelko  2.2uF;2.2uF;;;;;
36;Tantalelko  3.3uF;3.3uF;;;;;
40;Tantalelko  4.7uF;4.7uF;;;;;
5;Tantalelko  47uF;47uF;;;;;
1;Taster  MPA 206 R;MPA 206 R;2 Wechsler;;;;
0;Taster  Schliesser;miniatur;schwarz, Schliesser;;;;
9;Taster  ÷ffner;miniatur;rot, ÷ffner;;;;
2;TemperaturfÅ¸hler  8073;8073;;;;;
2;Temperatursicherung  102G;102Grad;;;;;
17;Thyristor  BRX46;BRX46;;;;;
10;Thyristor  TIC106;TIC106;;;;;
3;Timer  NE555;NE555;;;;;
10;Timer  NE556;NE556;;;;;
8;Trafo 1.2VA  .;.;;;;;
5;Trafo 1.2VA  100;100;;;;;
19;Trafo 1VA  .;..;;;;;
3;Trafo 1VA  BV220-0-01225;BV220-0-01225;;;;;
2;Trafo 1VA  BV220-0-01226;BV220-0-01226;;;;;
1;Trafo 3.5VA/2*6V  BV222-1-01240;BV222-1-01240;;;;;
1;Trafo 3VA  VTR-38  6V;VTR-38  6V;;;;;
2;Trafo 7 VA  BV222-1-11250;BV222-1-11250;;;;;
-1;Trafo3.5VA/2*9V  BV222-1-11272;BV222-1-11272;;;;;
56;Transistor  2N4146;2N4146;;;;;
10;Transistorfassung  TO-03;TO-03;;;;;
28;Transistorfassung  TO-18;TO-18;;;;;
6;Treiber  UAA180;UAA180;LED-Treiber;;;;
7;Treiber  ULN2003;ULN2003;Transistortreiber, TTL;;;;
9;Treiber  ULN2004;ULN2004;Transistortreiber, CMOS;;;;
4;Triac  TIC 206 D;TIC 206 D;;;;;
0;Triac  TIC246M;TIC246M;;;;;
10;Trimmer  100K;100K;stehend, gekapselt, RM 5*2,5;;;;
21;Trimmer  100K;100K;liegend, gekapselt, RM5*10;;;;
7;Trimmer  100R;100R;liegend, gekapselt, RM5*10;;;;
19;Trimmer  10K;10K;liegend, gekapselt, RM5*10;;;;
11;Trimmer  1K;1K;stehend, gekapselt, RM 5*2,5;;;;
27;Trimmer  1K;1K;liegend, gekapselt, RM5*10;;;;
17;Trimmer  1M;1M;stehend, gekapselt, RM 5*2,5;;;;
9;Trimmer  2.2k;2.2k;stehend, gekapselt, RM 5*2,5;;;;
37;Trimmer  2.2K;2.2K;liegend, gekapselt, RM5*10;;;;
9;Trimmer  220K;220K;stehend, gekapselt, RM 5*2,5;;;;
1;Trimmer  220K;220K;liegend, gekapselt, RM5*10;;;;
40;Trimmer  220R;220R;liegend, gekapselt, RM5*10;;;;
6;Trimmer  2M2;2M2;liegend, gekapselt, RM5*10;;;;
20;Trimmer  4.7K;4.7K;stehend, gekapselt, RM 5*2,5;;;;
16;Trimmer  4.7K;4.7K;liegend, gekapselt, RM5*10;;;;
7;Trimmer  470K;470K;liegend, gekapselt, RM5*10;;;;
13;Trimmer  470R;470R;stehend, gekapselt, RM 5*2,5;;;;
10;Trimmer  470R;470R;liegend, gekapselt, RM5*10;;;;
10;Trimmer  47k;47k;liegend, gekapselt, RM5*10;;;;
12;Trimmer  47k;47k;stehend, gekapselt, RM 5*2,5;;;;
3;Trimmer  4M7;4M7;liegend, gekapselt, RM5*10;;;;
10;Trimmkondensator  0-30pF;0-30pF;;;;;
3;Trimmkondensator  0-45pF;0-45pF;;;;;
11;TTL  7400;7400;;;;;
3;TTL  7404;7404;;;;;
8;TTL  7406;7406;Inv. Treiber;;;;
7;TTL  74121;74121;;;;;
4;TTL  74141;74141;;;;;
7;TTL  7425;7425;;;;;
4;TTL  7440;7440;;;;;
5;TTL  7447;7447;;;;;
6;TTL  7483;7483;;;;;
4;TTL  7485;7485;;;;;
2;TTL  7493;7493;;;;;
8;TTL-HC  74192;74192;;;;;
2;TTL-HC  74HC03;74HC03;;;;;
4;TTL-HC  74HC42;74HC42;;;;;
19;TTL-HC  74HC93;74HC93;BinÑrzÑhler;;;;
7;TTL-HC  74LS253;74LS253;;;;;
5;TTL-HCT  74HCT373;74HCT373;8 BIT Zwischenspeicher;;;;
9;TTL-LS  74HC194;74HC194;;;;;
4;TTL-LS  74LS00;74LS00;;;;;
6;TTL-LS  74LS02N;74LS02N;;;;;
14;TTL-LS  74LS04;74LS04;;;;;
19;TTL-LS  74LS05;74LS05;;;;;
10;TTL-LS  74LS06;74LS06;;;;;
4;TTL-LS  74LS08;74LS08;;;;;
4;TTL-LS  74LS11;74LS11;;;;;
1;TTL-LS  74LS12;74LS12;;;;;
4;TTL-LS  74LS122;74LS122;Monoflop;;;;
9;TTL-LS  74LS123;74LS123;;;;;
8;TTL-LS  74LS125;74LS125;;;;;
7;TTL-LS  74LS13;74LS13;;;;;
3;TTL-LS  74LS132;74LS132;;;;;
8;TTL-LS  74LS138;74LS138;;;;;
5;TTL-LS  74LS14N;74LS14N;;;;;
0;TTL-LS  74LS155;74LS155;;;;;
6;TTL-LS  74LS157;74LS157;;;;;
6;TTL-LS  74LS163;74LS163;;;;;
13;TTL-LS  74LS165;74LS165;;;;;
2;TTL-LS  74LS174;74LS174;;;;;
2;TTL-LS  74LS175;74LS175;;;;;
3;TTL-LS  74LS221;74LS221;;;;;
3;TTL-LS  74LS193;74LS193;Bin‰rz‰hler;;;;
4;TTL-LS 74LS240;74LS240;;;;;
1;TTL-LS 74LS20;74LS20;2 Nands mit je 4 ;;;;
9;TTL-LS  74LS273;74LS273;;;;;
8;TTL-LS  74LS30;74LS30;;;;;
6;TTL-LS  74LS32;74LS32;;;;;
1;TTL-LS  74LS33;74LS33;;;;;
10;TTL-LS  74LS373;74LS373;;;;;
11;TTL-LS  74LS374;74LS374;;;;;
8;TTL-LS  74LS47;74LS47;1aus10 Decoder;;;;
4;TTL-LS  74LS642;74LS642;;;;;
17;TTL-LS  74LS73;74LS73;;;;;
6;TTL-LS  74LS74;74LS74;;;;;
7;TTL-LS  74LS75;74LS75;;;;;
22;TTL-LS  74LS85;74LS85;;;;;
6;TTL-LS  74LS86;74LS86;;;;;
4;TTL-LS  74LS90;74LS90;;;;;
2;Uhren IC  MM 57160N;MM 57160N;;;;;
3;Unijunktion  2N2646;2N2646;;;;;
1;Varistor 60V  2322 593 56006;2322 593 56006;;;;;
2;Vor/RÅck ZÑhler  7217;7217;;;;;
88;Widerstand 0.6W  0.22R;0.22R;;;;;
54;Widerstand 0.6W  1.2K;1.2K;;;;;
41;Widerstand 0.6W  1.2M;1.2M;;;;;
16;Widerstand 0.6W  1.5K;1.5K;;;;;
135;Widerstand 0.6W  1.5M;1.5M;;;;;
54;Widerstand 0.6W  1.8K;1.8K;;;;;
86;Widerstand 0.6W  1.8M;1.8M;;;;;
53;Widerstand 0.6W  1.8R;1.8R;;;;;
29;Widerstand 0.6W  100K;100k;;;;;
37;Widerstand 0.6W  100R;100R;;;;;
28;Widerstand 0.6W  10K;10K;;;;;
27;Widerstand 0.6W  10M;10M;;;;;
14;Widerstand 0.6W  10R;10R;;;;;
28;Widerstand 0.6W  120K;120K;;;;;
22;Widerstand 0.6W  120R;120R;;;;;
24;Widerstand 0.6W  12K;12K;;;;;
69;Widerstand 0.6W  12R;12R;;;;;
59;Widerstand 0.6W  150K;150K;;;;;
15;Widerstand 0.6W  150R;150R;;;;;
58;Widerstand 0.6W  15K;15K;;;;;
61;Widerstand 0.6W  15R;15R;;;;;
139;Widerstand 0.6W  180K;180K;;;;;
20;Widerstand 0.6W  180R;180R;;;;;
24;Widerstand 0.6W  18K;18K;;;;;
6;Widerstand 0.6W  18R;18R;;;;;
50;Widerstand 0.6W  1K;1K;;;;;
46;Widerstand 0.6W  1M;1M;;;;;
57;Widerstand 0.6W  2.2K;2.2K;;;;;
20;Widerstand 0.6W  2.2M;2.2M;;;;;
22;Widerstand 0.6W  2.2R;2.2R;;;;;
102;Widerstand 0.6W  2.7K;2.7K;;;;;
50;Widerstand 0.6W  2.7M;2.7M;;;;;
54;Widerstand 0.6W  2.7R;2.7R;;;;;
23;Widerstand 0.6W  200R;200R;;;;;
124;Widerstand 0.6W  220K;220K;;;;;
50;Widerstand 0.6W  220R;220R;;;;;
29;Widerstand 0.6W  22K;22K;;;;;
40;Widerstand 0.6W  22R;22R;;;;;
53;Widerstand 0.6W  270K;270K;;;;;
76;Widerstand 0.6W  270R;270R;;;;;
77;Widerstand 0.6W  27K;27K;;;;;
54;Widerstand 0.6W  27R;27R;;;;;
49;Widerstand 0.6W  3.3K;3.3K;;;;;
95;Widerstand 0.6W  3.3M;3.3M;;;;;
24;Widerstand 0.6W  3.9K;3.9K;;;;;
86;Widerstand 0.6W  3.9M;3.9M;;;;;
47;Widerstand 0.6W  300k;300k;;;;;
58;Widerstand 0.6W  330K;330K;;;;;
92;Widerstand 0.6W  330R;330R;;;;;
40;Widerstand 0.6W  33K;33K;;;;;
25;Widerstand 0.6W  33R;33R;;;;;
64;Widerstand 0.6W  390K;390K;;;;;
100;Widerstand 0.6W  390R;390R;;;;;
63;Widerstand 0.6W  39K;39K;;;;;
28;Widerstand 0.6W  39R;39R;;;;;
186;Widerstand 0.6W  4.7k;4.7k;;;;;
101;Widerstand 0.6W  4.7M;4.7M;;;;;
64;Widerstand 0.6W  470K;470K;;;;;
102;Widerstand 0.6W  470R;470R;;;;;
53;Widerstand 0.6W  47K;47K;;;;;
18;Widerstand 0.6W  47R;47R;;;;;
28;Widerstand 0.6W  5.6K;5.6K;;;;;
20;Widerstand 0.6W  560K;560K;;;;;
148;Widerstand 0.6W  560R;560R;;;;;
53;Widerstand 0.6W  56K;56K;;;;;
16;Widerstand 0.6W  56R;56R;;;;;
98;Widerstand 0.6W  6.8K;6.8K;;;;;
55;Widerstand 0.6W  6.8R;6.8R;;;;;
47;Widerstand 0.6W  680K;680K;;;;;
53;Widerstand 0.6W  680R;680R;;;;;
48;Widerstand 0.6W  68K;68K;;;;;
45;Widerstand 0.6W  68R;68R;;;;;
48;Widerstand 0.6W  7.5k;7.5k;;;;;
71;Widerstand 0.6W  75K;75K;;;;;
51;Widerstand 0.6W  8.2k;8.2k;;;;;
24;Widerstand 0.6W  820k;820k;;;;;
142;Widerstand 0.6W  820R;820R;2 KÑsten verteilt;;;;
40;Widerstand 0.6W  82K;82K;;;;;
110;Widerstand 0.6W  82R;82R;;;;;
54;Widerstand 0.6W  910R;910R;;;;;
39;Widerstand> 0.6W  0.1R;0.1R;;;;;
15;Widerstand> 0.6W  0.47R;0.47R;;;;;
22;Widerstand> 0.6W  1.8K;1.8K;;;;;
26;Widerstand> 0.6W  120R;120R;;;;;
18;Widerstand> 0.6W  12K;12K;;;;;
1;Widerstand> 0.6W  150R;150R;;;;;
20;Widerstand> 0.6W  15K;15K;;;;;
70;Widerstand> 0.6W  18K;18K;;;;;
8;Widerstand> 0.6W  1R;1R;;;;;
6;Widerstand> 0.6W  2.2K;2.2K;;;;;
105;Widerstand> 0.6W  2.7K;2.7K;;;;;
123;Widerstand> 0.6W  220R;220R;;;;;
8;Widerstand> 0.6W  22K;22K;;;;;
59;Widerstand> 0.6W  270R;270R;;;;;
20;Widerstand> 0.6W  27K;27K;;;;;
103;Widerstand> 0.6W  3.3K;3.3K;;;;;
2;Widerstand> 0.6W  3.9K;3.9K;;;;;
11;Widerstand> 0.6W  330R;330R;;;;;
21;Widerstand> 0.6W  390R;390R;;;;;
4;Widerstand> 0.6W  39K;39K;;;;;
147;Widerstand> 0.6W  4.7K;4.7K;;;;;
54;Widerstand> 0.6W  470R;470R;;;;;
3;Widerstand> 0.6W  5.6K;5.6K;;;;;
3;Widerstand> 0.6W  560R;560R;;;;;
17;Widerstand> 0.6W  56R;56R;;;;;
10;Widerstand> 0.6W  6.8K;6.8K;;;;;
2;Widerstand> 0.6W  650R;650R;;;;;
10;Widerstand> 0.6W  68K;68K;;;;;
4;Widerstand> 0.6W  8.2K;8.2K;;;;;
22;Widerstand> 0.6W  820R;820R;;;;;
4;Widerstand> 0.6W  82K;82K;;;;;
2;Wire-wrap-Draht  AWG 30 blau;AWG 30 blau;Schublade2;;;;
2;Wire-wrap-Draht  AWG 30 rot;AWG 30 rot;Schublade2;;;;
2;WÅ¸rfelbuchse  .;..;;;;;
3;WÅ¸rfelstecker  4 pol.;4 pol.;;;;;
23;Zenerdiode  1N5338B;1N5338B;;;;;
19;Zenerdiode  BZ102;BZ102;;;;;
298;Zenerdiode  BZX 79 15V;BZX 79 15V;nicht bestellen;;;;
58;Zenerdiode  ZPD 3.0;ZPD 3.0;;;;;
11;Zenerdiode  ZPD 7.5;ZPD 7.5;;;;;
4;Zenerdiode  ZPD16;ZPD16;;;;;
82;Zenerdiode  ZPD2.7;ZPD2.7;;;;;
26;Zenerdiode  ZPD20;ZPD20;;;;;
3;Zenerdiode  ZPD24;ZPD24;;;;;
23;Zenerdiode  ZPD4.7;ZPD4.7;;;;;
17;Zenerdiode  ZPD6.2;ZPD6.2;;;;;
4;Zenerdiode  ZPY10;ZPY10;;;;;
11;Zenerdiode  ZPY15;ZPY15;;;;;
14;Zenerdiode  ZPY5.6;ZPY5.6;;;;;
10;Zenerdiode  ZPY6.8;ZPY6.8;;;;;
20;Zenerdiode  ZPY8.2;ZPY8.2;;;;;
57;Zenerdiode  ZY180;ZY180;;;;;
54;Zugentlastung  kk 2;kk 2;;;;;
6;‹bertrager 1:10;.;;;;;
9;‹bertrager 1:8;.;;;;;
2;TTL-LS  74LS27;74LS27;;;;;
