Lager Nr;Bestell Nr;Lieferant;Menge;Einheit;Typ;Bezeichnung;Bemerkungen;Bild;Link;X;Y;
000-0000;;;2;Stck;V625 PX 1.35V;Batterie  V625 PX 1.35V;fr Metrix-Meáger„t (Ausgabe);;;;;
000-0001;;;21;Stck;12 SL;L”t”senleiste 12 SL;L„nge 1m, Kontakte 125 (Prfungsschrank);;https://www.reichelt.de/index.html?ACTION=446&LA=446&nbc=1&q=;;;https://www.reichelt.de/index.html?ACTION=446&LA=446&nbc=1&q=12 SL
000-0020;;;4;Stck;830828;Sicherung 1A  830828;fr Fluke-Multimeter (Ausgabe);;https://www.reichelt.de/index.html?ACTION=446&LA=446&nbc=1&q=;;;https://www.reichelt.de/index.html?ACTION=446&LA=446&nbc=1&q=830828
000-0021;;;3;Stck;OKLKO15.VX832;Sicherung 15A;Sicherung fr Fluke-Multimeter (Ausgabe);;https://www.reichelt.de/index.html?ACTION=446&LA=446&nbc=1&q=;;;https://www.reichelt.de/index.html?ACTION=446&LA=446&nbc=1&q=OKLKO15.VX832
000-0060;;;109;Stck;TM 2 S 6-M;Halter fr Kabelbinder  TM 2 S 6-M; (Ausgabe);;https://www.reichelt.de/index.html?ACTION=446&LA=446&nbc=1&q=;;;https://www.reichelt.de/index.html?ACTION=446&LA=446&nbc=1&q=TM 2 S 6-M
001-0001;;;0;Spule;Lotdraht;"Lotdraht Fluitin""S"" 1532  0.75mm";(Schublade);;https://www.reichelt.de/index.html?ACTION=446&LA=446&nbc=1&q=;;;https://www.reichelt.de/index.html?ACTION=446&LA=446&nbc=1&q=Lotdraht
001-1001;;;5;Stck;1A;Einbaumessger„t  1A;(Schublade);;https://www.reichelt.de/index.html?ACTION=446&LA=446&nbc=1&q=;;;https://www.reichelt.de/index.html?ACTION=446&LA=446&nbc=1&q=1A
001-1015;;;3;Stck;15V;Einbaumessger„t  15V;(Schublade);;https://www.reichelt.de/index.html?ACTION=446&LA=446&nbc=1&q=;;;https://www.reichelt.de/index.html?ACTION=446&LA=446&nbc=1&q=15V
001-1030;;;7;Stck;30V;Einbaumessger„t  30V;(Schublade);;https://www.reichelt.de/index.html?ACTION=446&LA=446&nbc=1&q=;;;https://www.reichelt.de/index.html?ACTION=446&LA=446&nbc=1&q=30V
111-0046;;;7;Stck;BSX46;NPN-Transistor  BSX46;;;https://www.reichelt.de/index.html?ACTION=446&LA=446&nbc=1&q=;;;https://www.reichelt.de/index.html?ACTION=446&LA=446&nbc=1&q=BSX46
111-0141;;;7;Stck;BC141;NPN-Transistor  BC141;;;https://www.reichelt.de/index.html?ACTION=446&LA=446&nbc=1&q=;;;https://www.reichelt.de/index.html?ACTION=446&LA=446&nbc=1&q=BC141
111-0517;;;16;Stck;BC517;NPN-Transistor  BC517;Darlington;;https://www.reichelt.de/index.html?ACTION=446&LA=446&nbc=1&q=;;;https://www.reichelt.de/index.html?ACTION=446&LA=446&nbc=1&q=BC517
111-0546;;;50;Stck;BC546;NPN-Transistor  BC546;Ersatztyp BC547;;https://www.reichelt.de/index.html?ACTION=446&LA=446&nbc=1&q=;;;https://www.reichelt.de/index.html?ACTION=446&LA=446&nbc=1&q=BC546
111-0547;;;50;Stck;BC547;NPN-Transistor  BC547;Ersatztyp BC546;;https://www.reichelt.de/index.html?ACTION=446&LA=446&nbc=1&q=;;;https://www.reichelt.de/index.html?ACTION=446&LA=446&nbc=1&q=BC547
111-0550;;;59;Stck;BC550;NPN-Transistor  BC550;;;https://www.reichelt.de/index.html?ACTION=446&LA=446&nbc=1&q=;;;https://www.reichelt.de/index.html?ACTION=446&LA=446&nbc=1&q=BC550
111-0639;;;48;Stck;BC639;NPN-Transistor  BC639;;;https://www.reichelt.de/index.html?ACTION=446&LA=446&nbc=1&q=;;;https://www.reichelt.de/index.html?ACTION=446&LA=446&nbc=1&q=BC639
111-0759;;;7;Stck;BF759;NPN-Transistor  BF759;;;https://www.reichelt.de/index.html?ACTION=446&LA=446&nbc=1&q=;;;https://www.reichelt.de/index.html?ACTION=446&LA=446&nbc=1&q=BF759
111-0879;;;11;Stck;BC879;NPN-Transistor  BC879;;;https://www.reichelt.de/index.html?ACTION=446&LA=446&nbc=1&q=;;;https://www.reichelt.de/index.html?ACTION=446&LA=446&nbc=1&q=BC879
111-2369;;;10;Stck;2N2369;NPN-Transistor  2N2369;;;;;;
111-4146;;;56;Stck;2N4146;Transistor  2N4146;;;https://datasheetspdf.com/datasheet/2N4164.html;;;https://datasheetspdf.com/datasheet/2N4164.html2N4146
112-0106;;;5;Stck;AC187K;PNP-Transistor  AC187K;;;;;;
112-0161;;;11;Stck;BC161-10;PNP-Transistor  BC161-10;;;;;;
112-0327;;;23;Stck;BC327;PNP-Transistor  BC327;;;;;;
112-0423;;;4;Stck;BF423;PNP-Transistor  BF423;;;;;;
112-0516;;;19;Stck;BC516;PNP-Transistor  BC516;Darlington;;;;;
112-0556;;;15;Stck;BC556;PNP-Transistor  BC556;;;;;;
112-0560;;;24;Stck;BC560;PNP-Transistor  BC560;;;;;;
112-0640;;;3;Stck;BC640;PNP-Transistor  BC640;;;;;;
112-0880;;;13;Stck;BC880;PNP-Transistor  BC880;;;;;;
112-1882;;;5;Stck;AC188K;PNP-Transistor  AC188K;;;;;;
113-0021;;;7;Stck;BUZ21;FET  BUZ21;N-Kanal;;https://www.reichelt.de/index.html?ACTION=446&LA=446&nbc=1&q=;;;https://www.reichelt.de/index.html?ACTION=446&LA=446&nbc=1&q=BUZ21
113-0100;;;10;Stck;BSS100;FET  BSS100;N-Kanal;;;;;
113-0170;;;4;Stck;BS170;FET  BS170;N-Kanal;;;;;
113-0245;;;13;Stck;BF245;FET  BF245;N-Kanal;;;;;
113-0456;;;4;Stck;BUK456;FET  BUK456;;;;;;
114-2646;;;3;Stck;2N2646;Unijunktion  2N2646;;;;;;
115-0080;;;25;Stck;BUX80;Leistungstransistor  BUX80;PNP;;;;;
115-0088;;;2;Stck;MJ2501;Leistungstransistor  MJ2501;PNP;;;;;
115-0108;;;1;Stck;BU108;Leistungstransistor  BU108;NPN;;;;;
115-0136;;;9;Stck;BD136;Leistungstransistor  BD136;PNP;;;;;
115-0149;;;1;Stck;AD149;Leistungstransistor  AD149;PNP;;;;;
115-0207;;;4;Stck;BD207;Leistungstransistor  BD207;NPN;;;;;
115-0237;;;12;Stck;BD237;Leistungstransistor  BD237;NPN;;;;;
115-0238;;;6;Stck;BD238;Leistungstransistor  BD238;PNP;;;;;
115-0441;;;5;Stck;BD441;Leistungstransistor  BD441;NPN;;;;;
115-0679;;;3;Stck;BD679;Leistungstransistor  BD679;NPN Darlington;;;;;
115-0680;;;5;Stck;BD680;Leistungstransistor  BD680;PNP Darlington;;;;;
115-1353;;;14;Stck;BD135;Leistungstransistor  BD135;;;;;;
115-3055;;;6;Stck;2N3055;Leistungstransistor  2N3055;NPN;;;;;
121-0045;;;7;Stck;BA159;Diode  BA159;;;;;;
121-0133;;;37;Stck;AA133;Diode  AA133;;;;;;
121-0255;;;4;Stck;BY255;Diode  BY255;;;;;;
121-0278;;;4;Stck;SKR-26/08;Diode  SKR-26/08;"max;14 A mit Khlk”rper 5159-
0232";;;;;
121-0600;;;4;Stck;P600G;Diode  P600G;;;;;;
121-4007;;;72;Stck;1N4007;Diode  1N4007;;;;;;
121-4148;;;102;Stck;1N4148;Diode  1N4148;;;;;;
122-0010;;;4;Stck;ZPY10;Zenerdiode  ZPY10;;;;;;
122-0015;;;11;Stck;ZPY15;Zenerdiode  ZPY15;;;;;;
122-0016;;;4;Stck;ZPD16;Zenerdiode  ZPD16;;;;;;
122-0020;;;26;Stck;ZPD20;Zenerdiode  ZPD20;;;;;;
122-0024;;;3;Stck;ZPD24;Zenerdiode  ZPD24;;;;;;
122-0027;;;82;Stck;ZPD2.7;Zenerdiode  ZPD2.7;;;;;;
122-0032;;;58;Stck;ZPD 3.0;Zenerdiode  ZPD 3.0;;;;;;
122-0051;;;23;Stck;1N5338B;Zenerdiode  1N5338B;;;;;;
122-0056;;;14;Stck;ZPY5.6;Zenerdiode  ZPY5.6;;;;;;
122-0062;;;17;Stck;ZPD6.2;Zenerdiode  ZPD6.2;;;;;;
122-0075;;;11;Stck;ZPD 7.5;Zenerdiode  ZPD 7.5;;;;;;
122-0082;;;20;Stck;ZPY8.2;Zenerdiode  ZPY8.2;;;;;;
122-0102;;;19;Stck;BZ102;Zenerdiode  BZ102;;;;;;
122-0180;;;57;Stck;ZY180;Zenerdiode  ZY180;;;;;;
122-7047;;;23;Stck;ZPD4.7;Zenerdiode  ZPD4.7;;;;;;
122-7915;;;298;Stck;BZX 79 15V;Zenerdiode  BZX 79 15V;nicht bestellen;;;;;
122-8068;;;10;Stck;ZPY6.8;Zenerdiode  ZPY6.8;;;;;;
123-0102;;;10;Stck;BA102;Kapazit„tsdiode  BA102;;;;;;
123-0110;;;10;Stck;BA110;Kapazit„tsdiode  BA110;;;;;;
125-7018;;;7;Stck;BZW70/18P;Suppressordiode  BZW70/18P;;;;;;
131-0080;;;5;Stck;B80C800;Gleichrichter  B80C800;;https://cdn-reichelt.de/bilder/web/xxl_ws/A400/B380C.png;https://www.reichelt.de/brueckengleichrichter-rund-80-vrms-0-9-a-tht-b80c800g-vis-p219411.html?&trstct=pos_0&nbc=1;;;
131-0122;;;4;Stck;SKD 25/02;Gleichrichter  SKD 25/02;"Silizium Drehstrom-Brckengleichrichter,in 
vergossenen";;;;;
131-0250;;;6;Stck;B250C800;Gleichrichter  B250C800;;;;;;
131-0370;;;8;Stck;B80C3700;Gleichrichter  B80C3700;;;;;;
131-0833;;;22;Stck;B80C1500;Gleichrichter  B80C1500;;https://cdn-reichelt.de/bilder/web/xxl_ws/A400/BXXCXXXXMWWP.png;https://www.reichelt.de/flach-brueckengleichrichter-80-160-v-1-5-a-b80c1500-ww-di-p260222.html?search=B80C1500;;;
131-5000;;;15;Stck;B80C5000;Gleichrichter  B80C5000;;;;;;
131-7163;;;2;Stck;B80C2000;Gleichrichter  B80C2000;;;;;;
141-0206;;;4;Stck;TIC 206 D;Triac  TIC 206 D;;https://cdn-reichelt.de/bilder/web/artikel_ws/A200/TO-220.jpg;https://www.reichelt.de/triac-400-v-3-a-to-220-tic-206d-p21344.html?search=TIC+206+D;;;
141-0246;;;0;Stck;TIC246M;Triac  TIC246M;;;;;;
142-0046;;;17;Stck;BRX46;Thyristor  BRX46;;;;;;
142-0106;;;10;Stck;TIC106;Thyristor  TIC106;;;;;;
143-9902;;;2;Stck;A9902;Diac  A9902;;;;;;
144-0110;;;1;Stck;2322 593 56006;Varistor 60V  2322 593 56006;;;;;;
151-0084;;;14;Stck;TL084;4-fach OP  TL084;Feldeffekteingangsstufen;https://cdn-reichelt.de/bilder/web/artikel_ws/A200/DIL-14.jpg;https://www.reichelt.de/operationsverstaerker-4-fach-dip-14-tl-084-dil-p21562.html?search=TL084;;;
151-0271;;;6;Stck;TLC 271;1-fach OP  TLC 271;fr unsymetrische Spannungsversorgung;https://cdn-reichelt.de/bilder/web/artikel_ws/A200/DIP-8.jpg;https://www.reichelt.de/operationsverstaerker-1-fach-dip-8-tlc-271-dip-p21598.html?search=TLC+271;;;
151-0272;;;1;Stck;TLC 272;2-fach OP  TLC 272;;;https://www.reichelt.de/operationsverstaerker-2-fach-3-6-v-s-1-7-mhz-dip-8-tlc-272-dip-p21599.html?search=TLC+272;;;
151-0324;;;13;Stck;LM324N;4-fach OP  LM324N;;;https://www.reichelt.de/operationsverstaerker-quad-1-2-mhz-dil-14-lm-324-n-p248019.html?&trstct=pos_0&nbc=1;;;
151-0339;;;7;Stck;LM339N;4-fach OP  LM339N;Spannungskomparator;;https://www.reichelt.de/komparator-4-fach-dip-14-lm-339-dil-p10475.html?&trstct=pos_0&nbc=1;;;
151-0348;;;14;Stck;LM348N;4-fach OP  LM348N;;;https://www.reichelt.de/operationsverstaerker-4-fach-dip-14-lm-348-dil-p10478.html?search=LM348N;;;
151-3900;;;5;Stck;LM3900;4-fach OP  LM3900;;;https://www.reichelt.de/operationsverstaerker-4-fach-0-5-v-s-2-5-mhz-dip-14-lm-3900-dil-p10500.html?search=lm3900;;;
152-0082;;;6;Stck;TL 082 CP;2-fach OP  TL 082 CP;Feldeffekteingangsstufen;;;;;
152-0356;;;6;Stck;LF356;1-fach OP  LF356;Feldeffekteingangsstufen;;;;;
152-0741;;;5;Stck;UA741;1-fach OP  UA741;"universeller 
OP";;;;;
152-0747;;;9;Stck;UA747;2-fach OP  UA747;;;;;;
152-0765;;;1;Stck;TAA 765A;1-fach OP  TAA 765A;sehr teuer;;;;;
152-3200;;;6;Stck;1458P;2-fach OP  1458P;"Prfungsplatine Arbeitsprobe 
Industrieelekteoniker!";;;;;
152-5534;;;8;Stck;NE5534;OP-rauscharm  NE5534;;;;;;
153-0005;;;57;Stck;7805;Spannungsregler pos  7805;nicht bestellen;;;;;
153-0009;;;5;Stck;L78S09;Spannungsregler pos  L78S09;nicht bestellen;;;;;
153-2805;;;57;Stck;7805C;Spannungsregler pos  7805C;;;;;;
153-2808;;;52;Stck;7808C;Spannungsregler pos  7808C;;;;;;
153-2812;;;6;Stck;MC7812CT;Spannungsregler pos  7812;TO220, 1A;;;;;
153-2815;;;2;Stck;7815C;Spannungsregler pos  7815C;;;;;;
153-2824;;;7;Stck;7824C;Spannungsregler pos  7824C;;;;;;
153-3815;;;3;Stck;7815K;Spannungsregler pos  7815K;;;;;;
153-7805;;;4;Stck;7805;Spannungsregler pos  7805;;;;;;
153-7808;;;14;Stck;7808;Spannungsregler pos  7808;;;;;;
153-7812;;;9;Stck;7812;Spannungsregler pos  7812;;;;;;
154-2905;;;7;Stck;7905C;Spannungsregler neg  7905C;;;;;;
154-2908;;;26;Stck;7908C;Spannungsregler neg  7908C;;;;;;
154-2912;;;17;Stck;7912C;Spannungsregler neg  7912C;;;;;;
154-2915;;;13;Stck;7915C;Spannungsregler neg  7915C;;;;;;
154-3915;;;2;Stck;7915K;Spannungsregler neg  7915K;;;;;;
154-7905;;;7;Stck;7905;Spannungsregler neg  7905;;;;;;
154-7912;;;7;Stck;7912;Spannungsregler neg  7912;;;;;;
154-7915;;;4;Stck;7915;Spannungsregler neg  7915;;;;;;
155-0723;;;5;Stck;LM723CN;Spannungsregler uni  723;;;;;;
155-2317;;;7;Stck;LM317T;Spannungsregler uni  LM317T;;;;;;
155-2337;;;6;Stck;LM337T;Spannungsregler uni  LM337T;;;;;;
155-3309;;;1;Stck;LM309K;Spannungsregler uni  LM309K;;;;;;
155-3317;;;3;Stck;LM317K;Spannungsregler uni  LM317K;;;;;;
155-3323;;;9;Stck;LM323K;Spannungsregler uni  LM323K;;;;;;
155-3337;;;7;Stck;LM337K;Spannungsregler uni  LM337K;;;;;;
155-4501;;;3;Stck;SG4501;Spannungsregler uni  SG4501;+,- 15V;;;;;
156-0555;;;3;Stck;NE555;Timer  NE555;;;;;;
156-0556;;;10;Stck;NE556;Timer  NE556;;;;;;
157-0106;;;2;Stck;U106BS;Nullspannungsschalt.  U106BS;;;;;;
157-2780;;;2;Stck;TCA 785;Phasenanschnitts..  TCA 785;Phasenanschnittsteuerung;;;;;
158-0180;;;6;Stck;UAA180;Treiber  UAA180;LED-Treiber;;;;;
158-2003;;;7;Stck;ULN2003;Treiber  ULN2003;Transistortreiber, TTL;;;;;
158-2004;;;9;Stck;ULN2004;Treiber  ULN2004;Transistortreiber, CMOS;;;;;
159-2965;;;1;Stck;TCA 965;Diskriminator  TCA 965;;;;;;
159-4200;;;4;Stck;RL4200;Multiplizierer  RL4200;fr Leistungsmeáger„t;;;;;
161-0000;;;11;Stck;7400;TTL  7400;;;;;;
161-0003;;;2;Stck;74HC03;TTL-HC  74HC03;;;;;;
161-0004;;;3;Stck;7404;TTL  7404;;;;;;
161-0006;;;8;Stck;7406;TTL  7406;Inv. Treiber;;;;;
161-0025;;;7;Stck;7425;TTL  7425;;;;;;
161-0040;;;4;Stck;7440;TTL  7440;;;;;;
161-0047;;;5;Stck;7447;TTL  7447;;;;;;
161-0083;;;6;Stck;7483;TTL  7483;;;;;;
161-0085;;;4;Stck;7485;TTL  7485;;;;;;
161-0093;;;2;Stck;7493;TTL  7493;;;;;;
161-0121;;;7;Stck;74121;TTL  74121;;;;;;
161-0141;;;4;Stck;74141;TTL  74141;;;;;;
161-0192;;;8;Stck;74192;TTL-HC  74192;;;;;;
161-0373;;;5;Stck;74HCT373;TTL-HCT  74HCT373;8 BIT Zwischenspeicher;;;;;
162-0001;;;6;Stck;4001;CMOS  4001;;;;;;
162-0002;;;2;Stck;4002;CMOS  4002;;;;;;
162-0007;;;1;Stck;4007;CMOS  4007;;;;;;
162-0011;;;5;Stck;4011;CMOS  4011;;;;;;
162-0012;;;4;Stck;4012;CMOS  4012;;;;;;
162-0013;;;5;Stck;4013;CMOS  4013;;;;;;
162-0015;;;2;Stck;4015;CMOS  4015;;;;;;
162-0016;;;3;Stck;4016;CMOS  4016;;;;;;
162-0017;;;5;Stck;4017;CMOS  4017;;;;;;
162-0020;;;2;Stck;4020;CMOS  4020;;;;;;
162-0024;;;5;Stck;4024;CMOS  4024;;;;;;
162-0027;;;3;Stck;4027;CMOS  4027;;;;;;
162-0028;;;6;Stck;4028;CMOS  4028;;;;;;
162-0030;;;8;Stck;4030;CMOS  4030;;;;;;
162-0040;;;7;Stck;4040;CMOS  4040;;;;;;
162-0041;;;5;Stck;4041;CMOS  4041;;;;;;
162-0042;;;7;Stck;4042;CMOS  4042;;;;;;
162-0046;;;8;Stck;4046;CMOS  4046;;;;;;
162-0047;;;5;Stck;4047;CMOS  4047;;;;;;
162-0049;;;5;Stck;4049;CMOS  4049;;;;;;
162-0050;;;5;Stck;4050;CMOS  4050;;;;;;
162-0051;;;8;Stck;4051;CMOS  4051;;;;;;
162-0052;;;4;Stck;4052;CMOS  4052;;;;;;
162-0055;;;5;Stck;4055;CMOS  4055;;;;;;
162-0060;;;5;Stck;4060;CMOS  4060;;;;;;
162-0063;;;1;Stck;4063;CMOS  4063;;;;;;
162-0066;;;5;Stck;4066;CMOS  4066;wie 4016, aber 90 Ohm statt 300 Ohm;;;;;
162-0068;;;2;Stck;4068;CMOS  4068;;;;;;
162-0069;;;8;Stck;4069;CMOS  4069;;;;;;
162-0070;;;3;Stck;4070;CMOS  4070;;;;;;
162-0073;;;3;Stck;4073;CMOS  4073;;;;;;
162-0075;;;18;Stck;4075;CMOS  4075;;;;;;
162-0076;;;7;Stck;4076;CMOS  4076;;;;;;
162-0081;;;6;Stck;4081;CMOS  4081;;;;;;
162-0082;;;7;Stck;4082;CMOS  4082;;;;;;
162-0093;;;14;Stck;4093;CMOS  4093;;;;;;
162-0106;;;4;Stck;40106;CMOS  40106;;;;;;
162-0193;;;3;Stck;40193;CMOS  40193;;;;;;
162-0510;;;0;Stck;4510;CMOS  4510;;;;;;
162-0511;;;9;Stck;4511;CMOS  4511;;;;;;
162-0512;;;1;Stck;4512;CMOS  4512;;;;;;
162-0514;;;2;Stck;4514;CMOS  4514;;;;;;
162-0516;;;1;Stck;4516;CMOS  4516;;;;;;
162-0518;;;20;Stck;4518;CMOS  4518;;;;;;
162-0520;;;1;Stck;4520;CMOS  4520;;;;;;
162-0528;;;4;Stck;4528;CMOS  4528;;;;;;
162-0538;;;13;Stck;4538;CMOS  4538;;;;;;
162-0555;;;2;Stck;4555;CMOS  4555;;;;;;
162-4160;;;1;Stck;4160;CMOS 4160;;;;;;
162-4560;;;1;Stck;14560;CMOS  14560;;;;;;
163-0000;;;4;Stck;74LS00;TTL-LS  74LS00;;;;;;
163-0002;;;6;Stck;74LS02N;TTL-LS  74LS02N;;;;;;
163-0004;;;14;Stck;74LS04;TTL-LS  74LS04;;;;;;
163-0005;;;19;Stck;74LS05;TTL-LS  74LS05;;;;;;
163-0006;;;10;Stck;74LS06;TTL-LS  74LS06;;;;;;
163-0011;;;4;Stck;74LS11;TTL-LS  74LS11;;;;;;
163-0012;;;1;Stck;74LS12;TTL-LS  74LS12;;;;;;
163-0013;;;7;Stck;74LS13;TTL-LS  74LS13;;;;;;
163-0014;;;5;Stck;74LS14N;TTL-LS  74LS14N;;;;;;
163-0020;;;4;Stck;74LS20;TTL-LS  74LS20;"2 Nands mit je 4 
Eing„ngen";;;;;
163-0027;;;2;Stck;74LS27;TTL-LS  74LS27;;;;;;
163-0030;;;8;Stck;74LS30;TTL-LS  74LS30;;;;;;
163-0032;;;6;Stck;74LS32;TTL-LS  74LS32;;;;;;
163-0033;;;1;Stck;74LS33;TTL-LS  74LS33;;;;;;
163-0042;;;4;Stck;74HC42;TTL-HC  74HC42;;;;;;
163-0047;;;8;Stck;74LS47;TTL-LS  74LS47;1aus10 Decoder;;;;;
163-0073;;;17;Stck;74LS73;TTL-LS  74LS73;;;;;;
163-0074;;;6;Stck;74LS74;TTL-LS  74LS74;;;;;;
163-0075;;;7;Stck;74LS75;TTL-LS  74LS75;;;;;;
163-0080;;;4;Stck;74LS08;TTL-LS  74LS08;;;;;;
163-0085;;;22;Stck;74LS85;TTL-LS  74LS85;;;;;;
163-0086;;;6;Stck;74LS86;TTL-LS  74LS86;;;;;;
163-0090;;;4;Stck;74LS90;TTL-LS  74LS90;;;;;;
163-0093;;;19;Stck;74HC93;TTL-HC  74HC93;Bin„rz„hler;;;;;
163-0122;;;4;Stck;74LS122;TTL-LS  74LS122;Monoflop;;;;;
163-0123;;;9;Stck;74LS123;TTL-LS  74LS123;;;;;;
163-0125;;;8;Stck;74LS125;TTL-LS  74LS125;;;;;;
163-0132;;;3;Stck;74LS132;TTL-LS  74LS132;;;;;;
163-0138;;;8;Stck;74LS138;TTL-LS  74LS138;;;;;;
163-0155;;;0;Stck;74LS155;TTL-LS  74LS155;;;;;;
163-0157;;;6;Stck;74LS157;TTL-LS  74LS157;;;;;;
163-0163;;;6;Stck;74LS163;TTL-LS  74LS163;;;;;;
163-0165;;;13;Stck;74LS165;TTL-LS  74LS165;;;;;;
163-0174;;;2;Stck;74LS174;TTL-LS  74LS174;;;;;;
163-0175;;;2;Stck;74LS175;TTL-LS  74LS175;;;;;;
163-0193;;;3;Stck;74LS193;TTL-LS  74LS193;Bin„rz„hler;;;;;
163-0194;;;9;Stck;74HC194;TTL-LS  74HC194;;;;;;
163-0221;;;3;Stck;74LS221;TTL-LS  74LS221;;;;;;
163-0240;;;9;Stck;74LS240;TTL-LS  74LS240;;;;;;
163-0244;;;3;Stck;74LS244;TTL-LS  74LS244;;;;;;
163-0245;;;6;Stck;74LS245;TTL-LS  74LS245;;;;;;
163-0253;;;7;Stck;74LS253;TTL-HC  74LS253;;;;;;
163-0273;;;9;Stck;74LS273;TTL-LS  74LS273;;;;;;
163-0373;;;10;Stck;74LS373;TTL-LS  74LS373;;;;;;
163-0374;;;11;Stck;74LS374;TTL-LS  74LS374;;;;;;
163-0642;;;4;Stck;74LS642;TTL-LS  74LS642;;;;;;
164-2716;;;1;Stck;2716;EPROM  2716;;;;;;
164-5188;;;3;Stck;SN75188;IC  SN75188;;;;;;
164-5189;;;2;Stck;SN75189;IC  SN75189;;;;;;
164-5478;;;5;Stck;SN75478;IC  SN75478;;;;;;
164-6116;;;2;Stck;6116;IC  6116;Interface;;;;;
164-8048;;;4;Stck;CPU 8048;CPU 8048;;;;;;
164-8085;;;3;Stck;8085;CPU  8085;;;;;;
164-8156;;;2;Stck;8156C;IC  8156C;;;;;;
164-8212;;;2;Stck;8212;I/O Ports  8212;E/A;;;;;
164-8251;;;1;Stck;8251;prog.Com. Interface  8251;E/A;;;;;
164-8255;;;1;Stck;8255;prog.E/A Baustein  8255;;;;;;
164-8288;;;2;Stck;8288;Bus Controler  8288;;;;;;
165-0111;;Auslaufmodell;6;Stck;FZH111;IC  FZH111;;;;;;
165-0251;;Auslaufmodell;1;Stck;FZH251;IC  FZH251;;;;;;
165-0261;;Auslaufmodell;3;Stck;FZH261;IC  FZH261;;;;;;
165-0281;;Auslaufmodell;2;Stck;FZH281;IC  FZH281;;;;;;
165-0291;;Auslaufmodell;3;Stck;FZH291;IC  FZH291;;;;;;
166-2114;;;4;Stck;2114;IC  2114;;;;;;
166-5369;;;3;Stck;MM5369;Oszillator  MM5369;;;;;;
166-5716;;;2;Stck;MM 57160N;Uhren IC  MM 57160N;;;;;;
166-7106;;;1;Stck;7106;A/D Wandler  7106;fr 3,5 stellige LCD Anzeige;;;;;
166-7107;;;3;Stck;7107;A/D Wandler  7107;fr 3,5 stellige LED Anzeige;;;;;
166-7217;;;2;Stck;7217;Vor/Rck Z„hler  7217;;;;;;
166-8038;;;1;Stck;8038;Frequenzgenerator 8038;;;;;;
166-8073;;;2;Stck;8073;Temperaturfhler  8073;;;;;;
167-4500;;;6;Stck;28C16;EEPROM  28C16;;;;;;
171-0030;;;14;Stck;T1/Standard;LED 3mm rot  T1/Standard;;;;;;
171-0035;;;35;Stck;T1/Standard;LED 3mm gelb  T1/Standard;;;;;;
171-0037;;;31;Stck;T1/Standard;LED 3mm grn  T1/Standard;;;;;;
171-0050;;;20;Stck;TLHR5401;LED 5mm rot  TLHR5401;;;;;;
171-0055;;;17;Stck;TLHY5405;LED 5mm gelb  TLHY5405;;;;;;
171-0057;;;41;Stck;TLHG5405;LED 5mm grn  TLHG5405;;;;;;
171-0383;;;27;Stck;L 383 HDT;LED 5mm flach rot  L 383;;;;;;
171-3516;;;14;Stck;LD464;LED-Band LD464;;;;;;
172-0350;;;9;Stck;TDSR5110;7 Segmentanzeige  TDSR5110;;;;;;
172-0891;;;0;Stck;MAN8910;7-Segmentanzeige  MAN8910;;;;;;
172-0892;;;16;Stck;MAN8940;7-Segmentanzeige  MAN8940;gemeinsame Kathode;;;;;
172-3403;;;2;Stck;HDSP 3403;7-Segmentanzeige  HDSP 3403;;;;;;
172-4510;;;15;Stck;TDSR5150;7-Segmentanzeige  TDSR5150;gemeinsame Anode;;;;;
172-4530;;;3;Stck;TDSR5160;7-Segmentanzeige  TDSR5160;gemeinsame Kathode;;;;;
172-5000;;;12;Stck;hp5082-7650;7-Segmentanzeige  hp5082-7650;;;;;;
172-6902;;;1;Stck;6902;LCD-Anzeige 6902;;;;;;
172-7110;;;6;Stck;TIL 305;Punktmatrixanz.  TIL 305;;;;;;
173-0017;;;22;Stck;CNY17;Optokoppler  CNY17;;;;;;
173-0022;;;4;Stck;CNY22;Optpkoppler  CNY22;;;;;;
173-0111;;;9;Stck;TIL111;Optokoppler  TIL111;;;;;;
174-8000;;;2;Stck;LCD 3.5-13;LCD Anzeige  LCD 3.5-13;;;;;;
175-0062;;;55;Stck;BPY62;Fototransistor  BPY62;;;;;;
176-0024;;;5;Stck;BPW34;Fotodiode  BPW34;;;;;;
176-0040;;;5;Stck;BPW 40;Fototransistor  BPW 40;;;;;;
178-0078;;;2;Stck;CQY78;IR-Diode  CQY78;;;;;;
178-0205;;;1;Stck;SFH205;IR-Diode SFH205;;;;;;
178-0206;;;1;Stck;SFH 206;IR-Diode  SFH 206;;;;;;
178-7110;;;9;Stck;LD271;IR-Diode LD271;;;;;;
211-0000;;;1;Stck;berechnen;Widerstand  berechnen;;;;;;
211-0027;;;53;Stck;1.8R;Widerstand 0.6W  1.8R;;;;;;
211-0036;;;22;Stck;2.2R;Widerstand 0.6W  2.2R;;;;;;
211-0047;;;54;Stck;2.7R;Widerstand 0.6W  2.7R;;;;;;
211-0095;;;55;Stck;6.8R;Widerstand 0.6W  6.8R;;;;;;
211-0120;;;14;Stck;10R;Widerstand 0.6W  10R;;;;;;
211-0128;;;69;Stck;12R;Widerstand 0.6W  12R;;;;;;
211-0138;;;61;Stck;15R;Widerstand 0.6W  15R;;;;;;
211-0147;;;6;Stck;18R;Widerstand 0.6W  18R;;;;;;
211-0156;;;40;Stck;22R;Widerstand 0.6W  22R;;;;;;
211-0167;;;54;Stck;27R;Widerstand 0.6W  27R;;;;;;
211-0177;;;25;Stck;33R;Widerstand 0.6W  33R;;;;;;
211-0186;;;28;Stck;39R;Widerstand 0.6W  39R;;;;;;
211-0196;;;18;Stck;47R;Widerstand 0.6W  47R;;;;;;
211-0205;;;16;Stck;56R;Widerstand 0.6W  56R;;;;;;
211-0215;;;45;Stck;68R;Widerstand 0.6W  68R;;;;;;
211-0224;;;110;Stck;82R;Widerstand 0.6W  82R;;;;;;
211-0240;;;37;Stck;100R;Widerstand 0.6W  100R;;;;;;
211-0248;;;22;Stck;120R;Widerstand 0.6W  120R;;;;;;
211-0258;;;15;Stck;150R;Widerstand 0.6W  150R;;;;;;
211-0267;;;20;Stck;180R;Widerstand 0.6W  180R;;;;;;
211-0272;;;23;Stck;200R;Widerstand 0.6W  200R;;;;;;
211-0276;;;50;Stck;220R;Widerstand 0.6W  220R;;;;;;
211-0287;;;76;Stck;270R;Widerstand 0.6W  270R;;;;;;
211-0297;;;92;Stck;330R;Widerstand 0.6W  330R;;;;;;
211-0306;;;100;Stck;390R;Widerstand 0.6W  390R;;;;;;
211-0316;;;102;Stck;470R;Widerstand 0.6W  470R;;;;;;
211-0325;;;148;Stck;560R;Widerstand 0.6W  560R;;;;;;
211-0335;;;53;Stck;680R;Widerstand 0.6W  680R;;;;;;
211-0344;;;142;Stck;820R;Widerstand 0.6W  820R;2 K„sten verteilt;;;;;
211-0350;;;54;Stck;910R;Widerstand 0.6W  910R;;;;;;
211-0360;;;50;Stck;1K;Widerstand 0.6W  1K;;;;;;
211-0368;;;54;Stck;1.2K;Widerstand 0.6W  1.2K;;;;;;
211-0378;;;16;Stck;1.5K;Widerstand 0.6W  1.5K;;;;;;
211-0387;;;54;Stck;1.8K;Widerstand 0.6W  1.8K;;;;;;
211-0396;;;57;Stck;2.2K;Widerstand 0.6W  2.2K;;;;;;
211-0407;;;102;Stck;2.7K;Widerstand 0.6W  2.7K;;;;;;
211-0417;;;49;Stck;3.3K;Widerstand 0.6W  3.3K;;;;;;
211-0426;;;24;Stck;3.9K;Widerstand 0.6W  3.9K;;;;;;
211-0436;;;186;Stck;4.7k;Widerstand 0.6W  4.7k;;;;;;
211-0445;;;28;Stck;5.6K;Widerstand 0.6W  5.6K;;;;;;
211-0455;;;98;Stck;6.8K;Widerstand 0.6W  6.8K;;;;;;
211-0460;;;48;Stck;7.5k;Widerstand 0.6W  7.5k;;;;;;
211-0464;;;51;Stck;8.2k;Widerstand 0.6W  8.2k;;;;;;
211-0480;;;28;Stck;10K;Widerstand 0.6W  10K;;;;;;
211-0488;;;24;Stck;12K;Widerstand 0.6W  12K;;;;;;
211-0498;;;58;Stck;15K;Widerstand 0.6W  15K;;;;;;
211-0507;;;24;Stck;18K;Widerstand 0.6W  18K;;;;;;
211-0516;;;29;Stck;22K;Widerstand 0.6W  22K;;;;;;
211-0527;;;77;Stck;27K;Widerstand 0.6W  27K;;;;;;
211-0537;;;40;Stck;33K;Widerstand 0.6W  33K;;;;;;
211-0546;;;63;Stck;39K;Widerstand 0.6W  39K;;;;;;
211-0556;;;53;Stck;47K;Widerstand 0.6W  47K;;;;;;
211-0565;;;53;Stck;56K;Widerstand 0.6W  56K;;;;;;
211-0575;;;48;Stck;68K;Widerstand 0.6W  68K;;;;;;
211-0580;;;71;Stck;75K;Widerstand 0.6W  75K;;;;;;
211-0584;;;40;Stck;82K;Widerstand 0.6W  82K;;;;;;
211-0600;;;29;Stck;100k;Widerstand 0.6W  100K;;;;;;
211-0608;;;28;Stck;120K;Widerstand 0.6W  120K;;;;;;
211-0618;;;59;Stck;150K;Widerstand 0.6W  150K;;;;;;
211-0627;;;139;Stck;180K;Widerstand 0.6W  180K;;;;;;
211-0636;;;124;Stck;220K;Widerstand 0.6W  220K;;;;;;
211-0647;;;53;Stck;270K;Widerstand 0.6W  270K;;;;;;
211-0652;;;47;Stck;300k;Widerstand 0.6W  300k;;;;;;
211-0657;;;58;Stck;330K;Widerstand 0.6W  330K;;;;;;
211-0666;;;64;Stck;390K;Widerstand 0.6W  390K;;;;;;
211-0676;;;64;Stck;470K;Widerstand 0.6W  470K;;;;;;
211-0685;;;20;Stck;560K;Widerstand 0.6W  560K;;;;;;
211-0695;;;47;Stck;680K;Widerstand 0.6W  680K;;;;;;
211-0704;;;24;Stck;820k;Widerstand 0.6W  820k;;;;;;
211-0720;;;46;Stck;1M;Widerstand 0.6W  1M;;;;;;
211-0728;;;41;Stck;1.2M;Widerstand 0.6W  1.2M;;;;;;
211-0738;;;135;Stck;1.5M;Widerstand 0.6W  1.5M;;;;;;
211-0747;;;86;Stck;1.8M;Widerstand 0.6W  1.8M;;;;;;
211-0756;;;20;Stck;2.2M;Widerstand 0.6W  2.2M;;;;;;
211-0767;;;50;Stck;2.7M;Widerstand 0.6W  2.7M;;;;;;
211-0777;;;95;Stck;3.3M;Widerstand 0.6W  3.3M;;;;;;
211-0786;;;86;Stck;3.9M;Widerstand 0.6W  3.9M;;;;;;
211-0796;;;101;Stck;4.7M;Widerstand 0.6W  4.7M;;;;;;
211-0840;;;27;Stck;10M;Widerstand 0.6W  10M;;;;;;
211-1208;;;88;Stck;0.22R;Widerstand 0.6W  0.22R;;;;;;
212-0056;;;17;Stck;56R;Widerstand> 0.6W  56R;;;;;;
212-0100;;;39;Stck;0.1R;Widerstand> 0.6W  0.1R;;;;;;
212-0113;;;15;Stck;0.47R;Widerstand> 0.6W  0.47R;;;;;;
212-0117;;;8;Stck;1R;Widerstand> 0.6W  1R;;;;;;
212-0120;;;26;Stck;120R;Widerstand> 0.6W  120R;;;;;;
212-0150;;;1;Stck;150R;Widerstand> 0.6W  150R;;;;;;
212-0220;;;123;Stck;220R;Widerstand> 0.6W  220R;;;;;;
212-0270;;;59;Stck;270R;Widerstand> 0.6W  270R;;;;;;
212-0330;;;11;Stck;330R;Widerstand> 0.6W  330R;;;;;;
212-0390;;;21;Stck;390R;Widerstand> 0.6W  390R;;;;;;
212-0470;;;54;Stck;470R;Widerstand> 0.6W  470R;;;;;;
212-0560;;;3;Stck;560R;Widerstand> 0.6W  560R;;;;;;
212-0650;;;2;Stck;650R;Widerstand> 0.6W  650R;;;;;;
212-0820;;;22;Stck;820R;Widerstand> 0.6W  820R;;;;;;
212-1800;;;22;Stck;1.8K;Widerstand> 0.6W  1.8K;;;;;;
212-2200;;;6;Stck;2.2K;Widerstand> 0.6W  2.2K;;;;;;
212-2700;;;105;Stck;2.7K;Widerstand> 0.6W  2.7K;;;;;;
212-3300;;;103;Stck;3.3K;Widerstand> 0.6W  3.3K;;;;;;
212-3900;;;2;Stck;3.9K;Widerstand> 0.6W  3.9K;;;;;;
212-4700;;;147;Stck;4.7K;Widerstand> 0.6W  4.7K;;;;;;
212-5600;;;3;Stck;5.6K;Widerstand> 0.6W  5.6K;;;;;;
212-6800;;;10;Stck;6.8K;Widerstand> 0.6W  6.8K;;;;;;
212-8200;;;4;Stck;8.2K;Widerstand> 0.6W  8.2K;;;;;;
212-9012;;;18;Stck;12K;Widerstand> 0.6W  12K;;;;;;
212-9015;;;20;Stck;15K;Widerstand> 0.6W  15K;;;;;;
212-9018;;;70;Stck;18K;Widerstand> 0.6W  18K;;;;;;
212-9022;;;8;Stck;22K;Widerstand> 0.6W  22K;;;;;;
212-9027;;;20;Stck;27K;Widerstand> 0.6W  27K;;;;;;
212-9039;;;4;Stck;39K;Widerstand> 0.6W  39K;;;;;;
212-9068;;;10;Stck;68K;Widerstand> 0.6W  68K;;;;;;
212-9082;;;4;Stck;82K;Widerstand> 0.6W  82K;;;;;;
213-0011;;;7;Stck;100R;Trimmer  100R;liegend, gekapselt, RM5*10;;;;;
213-0021;;;40;Stck;220R;Trimmer  220R;liegend, gekapselt, RM5*10;;;;;
213-0050;;;13;Stck;470R;Trimmer  470R;stehend, gekapselt, RM 5*2,5;;;;;
213-0051;;;10;Stck;470R;Trimmer  470R;liegend, gekapselt, RM5*10;;;;;
213-0100;;;11;Stck;1K;Trimmer  1K;stehend, gekapselt, RM 5*2,5;;;;;
213-0101;;;27;Stck;1K;Trimmer  1K;liegend, gekapselt, RM5*10;;;;;
213-0220;;;9;Stck;2.2k;Trimmer  2.2k;stehend, gekapselt, RM 5*2,5;;;;;
213-0221;;;37;Stck;2.2K;Trimmer  2.2K;liegend, gekapselt, RM5*10;;;;;
213-0470;;;20;Stck;4.7K;Trimmer  4.7K;stehend, gekapselt, RM 5*2,5;;;;;
213-0471;;;16;Stck;4.7K;Trimmer  4.7K;liegend, gekapselt, RM5*10;;;;;
213-0601;;;19;Stck;10K;Trimmer  10K;liegend, gekapselt, RM5*10;;;;;
213-0701;;;10;Stck;47k;Trimmer  47k;liegend, gekapselt, RM5*10;;;;;
213-0711;;;12;Stck;47k;Trimmer  47k;stehend, gekapselt, RM 5*2,5;;;;;
213-0800;;;10;Stck;100K;Trimmer  100K;stehend, gekapselt, RM 5*2,5;;;;;
213-0801;;;21;Stck;100K;Trimmer  100K;liegend, gekapselt, RM5*10;;;;;
213-0900;;;9;Stck;220K;Trimmer  220K;stehend, gekapselt, RM 5*2,5;;;;;
213-0901;;;1;Stck;220K;Trimmer  220K;liegend, gekapselt, RM5*10;;;;;
213-1001;;;7;Stck;470K;Trimmer  470K;liegend, gekapselt, RM5*10;;;;;
213-1100;;;17;Stck;1M;Trimmer  1M;stehend, gekapselt, RM 5*2,5;;;;;
213-1201;;;6;Stck;2M2;Trimmer  2M2;liegend, gekapselt, RM5*10;;;;;
213-1301;;;3;Stck;4M7;Trimmer  4M7;liegend, gekapselt, RM5*10;;;;;
214-0001;;;6;Stck;100R;Poti  100R;linear/4mm Achse;;;;;
214-0002;;;13;Stck;1K;Poti  1K;linear/4mm Achse;;;;;
214-0003;;;12;Stck;2.2K;Poti  2.2K;linear/4mm Achse;;;;;
214-0004;;;15;Stck;4.7K;Poti  4.7K;linear/6mm Achse ,liegen auch im anderen Schrank;;;;;
214-0005;;;7;Stck;5K;Poti  5K;linear/4mm Achse;;;;;
214-0006;;;8;Stck;5K;Poti  5K;linear/6mm Achse;;;;;
214-0010;;;2;Stck;10K;Poti  10K;linear;;;;;
214-0011;;;8;Stck;10K;Poti  10K;linear/4mm Achse;;;;;
214-0022;;;5;Stck;22K;Poti  22K;linear/4mm Achse;;;;;
214-0100;;;2;Stck;100K;Poti  100K;linear/4mm Achse;;;;;
214-0500;;;1;Stck;500K;Poti  500K;6mm Achse;;;;;
214-1000;;;6;Stck;1M;Poti  1M;linear/4mm Achse;;;;;
214-4420;;;4;Stck;1.2M;Poti m.Schalter  1.2M;;;;;;
215-0005;;;10;Stck;500R;Spindeltrimmer  500R;linear;;;;;
215-0020;;;11;Stck;2K;Spindeltrimmer  2K;linear;;;;;
215-1000;;;16;Stck;1M;Spindeltrimmer  1M;linear;;;;;
217-0010;;;3;Stck;1K;Tandempoti  1K;6mm Achse;;;;;
217-0100;;;2;Stck;1K;Tandempoti  1K;4mm Achse;;;;;
217-0470;;;2;Stck;5K;Tandempoti  5K;6mm Achse;;;;;
217-1000;;;0;Stck;10K;Tandempoti  10K;;;;;;
218-0050;;;0;Stck;500R;Heiáleiter  500R;;;;;;
218-0470;;;6;Stck;4.7K;Heiáleiter  4.7K;;;;;;
218-1000;;;0;Stck;10K;Heiáleiter  10K;NTC;;;;;
219-0409;;;2;Stck;Dil 16/8* 47R;Netzwerk  Dil 16/8* 47R;;;;;;
219-0433;;;3;Stck;Dil16/8*4.7K;Netzwerk  Dil16/8*4.7K;;;;;;
219-0633;;;6;Stck;Dil 16/15*4.7K;Netzwerk  Dil 16/15*4.7K;;;;;;
219-0637;;;14;Stck;8*10K;Netzwerk  8*10K;;;;;;
221-0000;;;44;Stck;0.47uF;Elko  0.47uF;;;;;;
221-0001;;;32;Stck;1uF;Elko  1uF;;;;;;
221-0002;;;10;Stck;2.2uF;Elko  2.2uF;;;;;;
221-0004;;;24;Stck;4.7uF;Elko  4.7uF;;;;;;
221-0010;;;31;Stck;10uF;Elko  10uF;RM2 35V;;;;;
221-0022;;;4;Stck;22uF;Elko  22uF RM17.5;;;;;;
221-0023;;;10;Stck;22uF;Elko  22uF RM35;;;;;;
221-0047;;;67;Stck;47uF;Elko  47uF;RM2 35V;;;;;
221-0100;;;30;Stck;100uF;Elko  100uF;;;;;;
221-0220;;;9;Stck;220uF;Elko  220uF;63V 26*10;;;;;
221-0470;;;37;Stck;470uF;Elko  470uF;63V 31,5*13;;;;;
221-1000;;;29;Stck;1000uF;Elko  1000uF;;;;;;
221-2200;;;41;Stck;2200uF;Elko  2200uF;im gelben Schrank ligen ca. 150 Stck;;;;;
221-4716;;;6;Stck;4700uF;Elko  4700uF;;;;;;
221-4763;;;1;Stck;4700uF;Elko  4700uF;;;;;;
221-9833;;;5;Stck;4700uF/16V;Elko  4700uF/16V;Typ:B41306;;;;;
222-0015;;;2;Stck;150nF;Tantalelko  150nF;;;;;;
222-0022;;;28;Stck;0.22uF;Tantalelko  0.22uF;;;;;;
222-0100;;;13;Stck;1uF;Tantalelko  1uF;;;;;;
222-0150;;;13;Stck;1.5uF;Tantalelko  1.5uF;;;;;;
222-0220;;;40;Stck;2.2uF;Tantalelko  2.2uF;;;;;;
222-0330;;;36;Stck;3.3uF;Tantalelko  3.3uF;;;;;;
222-0470;;;40;Stck;4.7uF;Tantalelko  4.7uF;;;;;;
222-1000;;;10;Stck;10uF;Tantalelko  10uF;;;;;;
222-4700;;;5;Stck;47uF;Tantalelko  47uF;;;;;;
223-0330;;;0;Stck;330pF RM5;Folienkondensator  330pF RM5;;;;;;
223-0331;;;97;Stck;330pF;Folienkondensator  330pF;;;;;;
223-1001;;;10;Stck;1nF;Folienkondensator  1nF;;;;;;
223-1003;;;18;Stck;3.3nF;Folienkondensator  3.3nF;;;;;;
223-1010;;;15;Stck;10nF RM15;Folienkondensator  10nF RM15;;;;;;
223-1015;;;0;Stck;15nF RM5;Folienkondensator  15nF RM5;;;;;;
223-1016;;;16;Stck;15nF;Folienkondensator  15nF;;;;;;
223-1033;;;9;Stck;33nF RM5;Folienkondensator  33nF RM5;;;;;;
223-1047;;;19;Stck;47nF RM5;Folienkondensator  47nF RM5;;;;;;
223-1048;;;51;Stck;47nF RM15;Folienkondensator  47nF RM15;;;;;;
223-1068;;;4;Stck;68nF RM5;Folienkondensator  68nF RM5;;;;;;
223-1100;;;2;Stck;100nF;Folienkondensator  100nF;;;;;;
223-1101;;;34;Stck;0.1uF RM22.5;Folienkondensator  0.1uF RM22.5;;;;;;
223-1102;;;15;Stck;100nF RM 5;Folienkondensator  100nF RM5;;;;;;
223-1103;;;37;Stck;100nF RM 10;Folienkondensator  100nF RM10;fr Netzger„t 15V;;;;;
223-1150;;;28;Stck;0.15uF RM5;Folienkondensator  0.15uF RM5;;;;;;
223-1220;;;62;Stck;220nF;Folienkondensator  220nF;;;;;;
223-1330;;;0;Stck;0.33uF RM27.5;Folienkondensator  0.33uF RM27.5;;;;;;
223-1331;;;9;Stck;0.33uF;Folienkondensator  0.33uF;;;;;;
223-1332;;;34;Stck;330nF;Folienkondensator  330nF;;;;;;
223-1470;;;36;Stck;0.47uF RM5;Folienkondensator  0.47uF RM5;;;;;;
223-1471;;;38;Stck;0.47uF;Folienkondensator  0.47uF;;;;;;
223-1472;;;58;Stck;0.47uF;Folienkondensator  0.47uF;;;;;;
223-1680;;;34;Stck;0.68uF/63V;Folienkondensator  0.68uF;MKS4;;;;;
223-2001;;;20;Stck;1uF;Folienkondensator  1uF;;;;;;
223-2002;;;11;Stck;1.5uF/160V;Folienkondensator  1.5uF/160V;TFM 2;;;;;
223-2003;;;3;Stck;3.3uF/63V;Folienkondensator  3.3uF/;TFM 2;;;;;
224-0211;;;64;Stck;3.3pF/100V;Keramikkondensator  3.3pF/100V;;;;;;
224-0215;;;19;Stck;6.8pF;Keramikkondensator  6.8pF;;;;;;
224-0218;;;11;Stck;12pF;Keramikkondensator  12pF;;;;;;
224-0219;;;10;Stck;15pF;Keramikkondensator  15pF;;;;;;
224-0221;;;33;Stck;22pF;Keramikkondensator  22pF;;;;;;
224-0222;;;107;Stck;27pF;Keramikkondensator  27pF;;;;;;
224-0225;;;23;Stck;47pF;Keramikkondensator  47pF;;;;;;
224-0228;;;6;Stck;100pF;Keramikkondensator  100pF;;;;;;
224-0230;;;43;Stck;120pF;Keramikkondensator  120pF;;;;;;
224-0233;;;32;Stck;220pF;Keramikkondensator  220pF;;;;;;
224-0234;;;14;Stck;270pF;Keramikkondensator  270pF;;;;;;
224-0236;;;0;Stck;330pF;Keramikkondensator  330pF;;;;;;
224-0237;;;31;Stck;470pF;Keramikkondensator  470pF;;;;;;
224-0239;;;11;Stck;680pF;Keramikkondensator  680pF;;;;;;
224-0245;;;11;Stck;2.2nF;Keramikkondensator  2.2nF;;;;;;
224-0246;;;14;Stck;2.2nF;Keramikkondensator  2.2nF;;;;;;
224-0247;;;41;Stck;3.3nF;Keramikkondensator  3.3nF;;;;;;
224-0248;;;67;Stck;3.3nF;Keramikkondensator  3.3nF;;;;;;
224-0249;;;17;Stck;4.7nF;Keramikkondensator  4.7nF;;;;;;
224-0251;;;13;Stck;6.8nF;Keramikkondensator  6.8nF;;;;;;
224-0253;;;13;Stck;10nF;Keramikkondensator  10nF;;;;;;
224-0257;;;3;Stck;22nF;Keramikkondensator  22nF;;;;;;
224-0260;;;0;Stck;100nF;Keramikkondensator  100nF;;;;;;
225-0100;;;36;Stck;100pF;Styroflex-Konden.  100pF;;;;;;
225-0470;;;16;Stck;470pF;Styroflex-Konden.  470pF;bis 160V;;;;;
226-0030;;;10;Stck;0-30pF;Trimmkondensator  0-30pF;;;;;;
226-0045;;;3;Stck;0-45pF;Trimmkondensator  0-45pF;;;;;;
231-0013;;;3;Stck;Flachtaste;Flachtaster;"1 Wechsler, schwarz, Anschlsse im Raster 
5,08mm";;;;;
231-0036;;;9;Stck;miniatur;Taster  ™ffner;rot, ™ffner;;;;;
231-0051;;;0;Stck;miniatur;Taster  Schliesser;schwarz, Schliesser;;;;;
231-0091;;;11;Stck;Kleintaster;Kleintaster  ™ffner;Fur Zwischenprfung;;;;;
231-0100;;;3;Stck;Schlieáer;Kleintaster  Schlieáer;;;;;;
231-0255;;;1;Stck;MPA 206 R;Taster  MPA 206 R;2 Wechsler;;;;;
231-0256;;;0;Stck;KM406;Knopf;fr 231-0255;;;;;
232-0011;;;7;Stck;1pol.;Kippschalter  1pol.;L”t”senanschlsse, Belastbarkeit 250V~/2A;;;;;
232-0012;;;9;Stck;2 pol.;Kippschalter  2 pol.;"250V/2A,2pol Aus, 
L”tanschluá";;;;;
232-0214;;;10;Stck;SPDT;Miniaturschalter TE - 0 - Ein;TastEin - Aus - Ein;;;;;
232-0220;;;4;Stck;DPDT;Miniaturschalter 2pol.Wechsler;"2pol. Wechsler Ein - Ein
250V~/3A,125V~/6A";;;;;
232-0230;;;10;Stck;3PDT EIN-EIN;Kippschalter  3pol. Wechsler;3pol. Wechsler,;;;;;
232-0241;;;0;Stck;SPDT;Miniaturschalter 1pol. Wechsler;1pol. Wechsler,;;;;;
233-8712;;;5;Stck;2 FA (rastend);Druckschalter  2 FA (rastend);;;;;;
233-8828;;;9;Stck;ZG 12 (rastend);Druckschalter  ZG 12 (rastend);;;;;;
234-0003;;;10;Stck;DSS203;Dil-Schalter  DSS203;;;;;;
234-0044;;;6;Stck;DBS4104;Dil-Schalter  DBS4104;;;;;;
234-0048;;;5;Stck;DBS4108;Dil-Schalter  DBS4108;;;;;;
235-1120;;;3;Stck;1*12;Stufenschalter  1*12;;;;;;
235-2600;;;6;Stck;2*6;Stufenschalter  2*6;;;;;;
236-0470;;;4;Stck;MFS201N;Schiebeschalter  2 pol. Umsch.;;;;;;
237-0022;;;0;Stck;2825;Reedschalter  2825;;;;;;
237-0914;;;1;Stck;4*12mm;Stabmagnet  4*12mm;;;;;;
241-0006;;;6;Stck;6 pol;IC-Fassung AG11  6pol;;;;;;
241-0008;;;23;Stck;8 pol;IC-Fassung 390261-2  8 pol;;;;;;
241-0014;;;75;Stck;14 pol;IC-Fassung 390261-3  14 pol;;;;;;
241-0016;;;5;Stck;16 pol;IC-Fassung 390261-4  16 pol;;;;;;
241-0018;;;36;Stck;18 pol;IC-Fassung 390261-5  18 pol;;;;;;
241-0020;;;17;Stck;20 pol;IC-Fassung 390261-6  20pol;;;;;;
241-0022;;;1;Stck;22 pol;IC-Fassung  22 pol;;;;;;
241-0024;;;10;Stck;24 pol;IC-Fassung  24 pol;;;;;;
241-0028;;;5;Stck;28 pol;IC-Fassung  28 pol;;;;;;
241-0040;;;6;Stck;40 pol;IC-Fassung  40 pol;;;;;;
241-0240;;;0;Stck;40 pol.;IC-Testfassung  40 pol;;;;;;
241-2400;;;2;Stck;24pol;IC-Testfassung  24pol;;;;;;
242-0003;;;10;Stck;TO-03;Transistorfassung  TO-03;;;;;;
242-0018;;;28;Stck;TO-18;Transistorfassung  TO-18;;;;;;
243-0000;;;4;Stck;3mm schwarz;LED-Fassung  3mm schwarz;;;;;;
243-0001;;;92;Stck;5mm schwarz;LED-Fassung  5mm schwarz;;;;;;
243-0003;;;15;Stck;3mm klar;LED-Fassung  3mm klar;;;;;;
243-0004;;;0;Stck;5mm klar;LED-Fassung  5mm klar;;;;;;
244-1002;;;0;Stck;V23154 Z1002;Relaisfassung  V23154 Z1002;Platinenenanschluá;;;;;
244-1006;;;8;Stck;V23154 Z1006;Relaisfassung  V23154 Z1006;L”tanschluá;;;;;
245-5352;;;10;Stck;5253-10-26;Lampenfassung  5253-10-26;mit L”tanschluá;;;;;
251-0003;;;5;Stck;32mA flink;Feinsicherung  32mA flink;;;;;;
251-0005;;;6;Stck;50mA flink;Feinsicherung  50mA flink;;;;;;
251-0012;;;10;Stck;125mA flink;Feinsicherung  125mA flink;;;;;;
251-0020;;;2;Stck;200mA flink;Feinsicherung  200mA flink;;;;;;
251-0025;;;16;Stck;250mA flink;Feinsicherung  250mA flink;;;;;;
251-0031;;;10;Stck;315mA flink;Feinsicherung  315mA flink;;;;;;
251-0050;;;10;Stck;0.5A flink;Feinsicherung  0.5A flink;;;;;;
251-0080;;;10;Stck;0.8A flink;Feinsicherung  0.8A flink;;;;;;
251-0100;;;10;Stck;1A flink;Feinsicherung  1A flink;;;;;;
251-0160;;;11;Stck;1.6A flink;Feinsicherung  1.6A flink;;;;;;
251-0200;;;6;Stck;2A flink;Feinsicherung  2A flink;;;;;;
251-0250;;;28;Stck;2.5A flink;Feinsicherung  2.5A flink;;;;;;
251-0315;;;24;Stck;3.15A flink;Feinsicherung  3.15A flink;;;;;;
251-0400;;;24;Stck;4A Flink;Feinsicherung  4A flink;;;;;;
251-0630;;;15;Stck;6.3A flink;Feinsicherung  6.3A flink;;;;;;
251-1010;;;14;Stck;100mA mitteltr;Feinsicherung  100mA mitteltr„ge;;;;;;
251-1040;;;6;Stck;0.4A tr„ge;Feinsicherung  0.4A tr„ge;;;;;;
251-1050;;;10;Stck;0.5A tr„ge;Feinsicherung  0.5A tr„ge;;;;;;
251-1080;;;7;Stck;0.8A tr„ge;Feinsicherung  0.8A tr„ge;;;;;;
251-1100;;;6;Stck;1A tr„ge;Feinsicherung  1A tr„ge;;;;;;
251-1160;;;19;Stck;1.6A tr„ge;Feinsicherung  1.6A tr„ge;;;;;;
251-1200;;;21;Stck;2A tr„ge;Feinsicherung 2A tr„ge;;;;;;
251-1630;;;16;Stck;6.3A tr„ge;Feinsicherung  6.3A tr„ge;;;;;;
251-1900;;;11;Stck;10A tr„ge;Feinsicherung  10A tr„ge;;;;;;
252-0102;;;2;Stck;102Grad;Temperatursicherung  102G;;;;;;
253-0210;;;11;Stck;19601;Sicherungshalter (Typ1)  19601;fr Netzger„t,Passend zu 254-0216;;;;;
253-0303;;;6;Stck;19763;Sicherungshalter (Print1) 19763;Passend zu 254-0323;;;;;
253-0330;;;3;Stck;19652;Sicherungshalter (Print2) 19652;Passend zu 254-0333;;;;;
253-0353;;;13;Stck;19596;Sicherungshalter (Print3) 19596;Passend zu 2;;;;;
253-0370;;;0;Stck;19466;Sicherungshalter (Typ2)  19466;Passend zu 254-0379;;;;;
254-0216;;;15;Stck;19602 S;Sicherungskappe (Typ1)  19602 S;"fr Netzger„t,Passend zu 253-0210
19080";;;;;
254-0323;;;0;Stck;19764;Sicherungskappe (Print1) 19764;Passend zu 253-0303;;;;;
254-0333;;;4;Stck;19653;Sicherungskappe (Print2) 19653;;;;;;
254-0359;;;11;Stck;19583;Sicherungskappe (Print3) 19583;;;;;;
254-0379;;;8;Stck;19585 III;Sicherungskappe (Typ2)  19585 III;Passend zu 253-0370;;;;;
271-2458;;;1;Stck;2.458MHz;Quarz  2.458MHz;;;;;;
271-3000;;;6;Stck;3MHz;Quarz  3MHz;;;;;;
271-3500;;;6;Stck;3.5MHz;Quarz  3.5MHz;;;;;;
271-4000;;;8;Stck;4MHz;Quarz  4MHz;;;;;;
271-4100;;;5;Stck;4.19MHz;Quarz  4.19MHz;;;;;;
321-1531;;;0;Stck;2.360.008.9;BaugruppenTr„ger  2.360.008.9;Schublade2;;;;;
322-0001;;;0;Stck;2.350.321.9;Kasette 28/t21  2.350.321.9;Schublade2;;;;;
323-1582;;;0;Stck;2.350.252.9;Frontplatte 5TE  2.350.252.9;Schublade2;;;;;
323-1585;;;0;Stck;2.350.255.9;Frontplatte 8TE  2.350.255.9;Schublade2;;;;;
325-0275;;;0;Stck;104-015-414;Messerleiste  104-015-414;Schublade2;;;;;
325-0277;;;0;Stck;104-015-414;Federleiste  104-015-414;Schublade2;;;;;
326-0003;;;0;Stck;2.350.200.9;Griffleisten  2.350.200.9;Schublade2;;;;;
326-1550;;;0;Stck;2.350.230.9;Griffe 3HE  2.350.230.9;Schublade2;;;;;
326-1560;;;0;Stck;2.310.010.3;Fhrungsschiene  2.310.010.3;Schublade2;;;;;
326-1590;;;0;Stck;2.300.041.9;Platinenhalter  2.300.041.9;Schublade2;;;;;
335-0025;;;1;m;..;Diodenleitung;Schrank5;;;;;
336-0020;;;1;m;SIHF 2*0.75;Silikonleitung  SIHF 2*0.75;Schrank5;;;;;
336-0023;;;0;m;SIHF-J 3*0.75;Silikonleitung  SIHF-J 3*0.75;Schrank5;;;;;
337-0010;;;1;m;RG58CU;HF-Leitung  RG58CU;Schrank5;;;;;
337-0015;;;1;m;NYFAZ 2*1.0;Lautsprecherleitung  NYFAZ 2*1.0;Schrank5;;;;;
337-0652;;;2;Stck;AWG 30 rot;Wire-wrap-Draht  AWG 30 rot;Schublade2;;;;;
337-0655;;;2;Stck;AWG 30 blau;Wire-wrap-Draht  AWG 30 blau;Schublade2;;;;;
341-0056;;;0;Stck;F104;Kammrelais  F104;Schrank3;;;;;
342-1511;;;3;Stck;RE 030 005;Relais  RE 030 005;5V, Print;;;;;
342-1514;;;3;Stck;RE 030 012;Relais  RE 030 012;12 V, Print;;;;;
343-0069;;;0;Stck;..;Haltebgel  .;;;;;;
351-0011;;;1;Stck;BV222-1-01240;Trafo 3.5VA/2*6V  BV222-1-01240;;;;;;
351-0600;;;5;Stck;100;Trafo 1.2VA  100;;;;;;
351-1200;;;3;Stck;BV220-0-01225;Trafo 1VA  BV220-0-01225;;;;;;
351-1500;;;2;Stck;BV220-0-01226;Trafo 1VA  BV220-0-01226;;;;;;
352-0600;;;1;Stck;VTR-38  6V;Trafo 3VA  VTR-38  6V;;;;;;
352-1200;;;19;Stck;..;Trafo 1VA  .;;;;;;
352-1500;;;8;Stck;.;Trafo 1.2VA  .;;;;;;
352-1800;;;-1;Stck;BV222-1-11272;Trafo3.5VA/2*9V  BV222-1-11272;;;;;;
352-2006;;;2;Stck;BV222-1-11250;Trafo 7 VA  BV222-1-11250;;;;;;
354-1008;;;9;Stck;..;šbertrager 1:8  .;;;;;;
354-1010;;;6;Stck;..;šbertrager 1:10  .;;;;;;
361-0001;;;2184;Stck;..;L”thlse 1.3mm  .;Passend zu 361-0007;;;;;
361-0002;;;393;Stck;fr 1 mm Loch;Steckl”t”sen  fr 1 mm Loch;250 Stk;;;;;
361-0007;;;0;Stck;..;L”tstifte 1.3mm  .;100 Stk,  Passen zu361-0001;;;;;
361-0009;;;991;Stck;1mm;Steckhlse  1mm;50 Stk;;;;;
361-0010;;;194;Stck;1.3 mm;Steckhlse  1.3 mm;50 Stk, L”tanschluá;;;;;
361-0027;;;185;Stck;.;L”t”se 3.2mm  .;250 Stk;;;;;
361-0032;;;225;Stck;.;L”t”se  3.2mm  .;250 Stk;;;;;
361-4300;;;318;Stck;60.2804.51;L”t”se 4.3mm  60.2804.51;250 Stk;;;;;
362-0014;;;4;Stck;12V/85mA;Kleinlammpe  12V/85mA;;;;;;
362-0021;;;0;Stck;..;Lampen E10/6V  .;;;;;;
362-0313;;;7;Stck;24V/rot;Signalleuchte  24V/rot;;;;;;
362-6240;;;9;Stck;.;Lampe E10/24V  .;;;;;;
363-7516;;;11;Stck;..;Piezo-Schallwandler;ohne Elektronik;;;;;
363-7518;;;1;Stck;..;Summer 12V  .;;;;;;
364-0002;;;-2;Stck;..;Sicherungsclips  .;;;;;;
367-0006;;;16;Stck;6 pol. reihbar;Anschluáklemmen  6 pol. Reihbar;;;;;;
367-0052;;;34;Stck;2 pol. reihbar;Anschluáklemme  2 pol. Reihbar;;;;;;
367-5000;;;54;Stck;MKDS 3/2-5.08;Anschluáklemmen  MKDS 3/2-5.08;2 pol. reihbar;;;;;
369-0850;;;89;Stck;M3  /RM7.62mm;Anschluáteile  M3  /RM7.62mm;;;;;;
371-0004;;;3;Stck;4 pol.;Wrfelstecker  4 pol.;;;;;;
371-0010;;;5;Stck;LP110A;Klinkenstecker  LP110A;;;;;;
371-0011;;;7;Stck;J110;Klinkenbuchse  J110;;;;;;
371-0016;;;9;Stck;KP 3;Klinkenstecker  KP 3;;;;;;
371-0017;;;5;Stck;LJ109;Klinkenbuchse  LJ109;;;;;;
371-0021;;;0;Stck;LS-9;Lautsprecherstecker  LS-9;;;;;;
371-0026;;;5;Stck;BTO-1;Cinchbuchse  BTO-1;;;;;;
371-0030;;;1;Stck;Lk91;Lautsprecherbuchse  Lk91;;;;;;
371-0040;;;2;Stck;..;Wrfelbuchse  .;;;;;;
371-1200;;;17;Stck;LB-2;Lautsprecherbuchse  LB-2;Einbaubuchse;;;;;
371-8913;;;1;Stck;7pol.;BuchseKFV7107P  7pol.;;;;;;
372-0110;;;108;Stck;1040/00;Flachsteckhlse  1040/00;;;;;;
372-0114;;;34;Stck;ISO 1003 FL;Isotuellen  ISO 1003 FL;;;;;;
372-0115;;;31;Stck;ISO 1005 FL;Isotuellen  ISO 1005 FL;;;;;;
372-0119;;;8;Stck;ISO 1507 H;Isotuellen  ISO 1507 H;;;;;;
372-0136;;;5;Stck;Flak 6.3;Flachsteckhlse  Flak 6.3;6,3 x 0,8 mm;;;;;
372-1005;;;246;Stck;1045/00;Flachsteckhlse  1045/00;"passend zu Steckzungen 
6,3mm*0,8mm";;;;;
372-1507;;;45;Pck;B1507;Flachsteckhlse  B1507;50 Stk, 0,5-1,5mm2;;;;;
372-2507;;;79;Pck;B2507;Flachsteckhlse  B2507;50 Stk;;;;;
373-0050;;;2;Stck;Buchse 5pol 45ø;Diodenbuchse  Buchse 5pol;;;;;;
373-0053;;;3;Stck;T 3363 000;Ger„tedose  T 3363 000;;;;;;
373-0311;;;2;Stck;schw/4mm;Steckbuchse  schw/4mm;;;;;;
373-0312;;;17;Stck;rot/4mm;Steckbuchse  rot/4mm;;;;;;
373-0314;;;13;Stck;gelb/4mm;Steckbuchse  gelb/4mm;;;;;;
373-0315;;;19;Stck;blau/4mm;Steckbuchse  blau/4mm;;;;;;
374-0010;;;2;Stck;UG88/US  50R;BNC-Stecher  UG88/US  50R;;;;;;
374-0022;;;3;Stck;UG 1094/u;BNC-Buchse  UG 1094/u;;;;;;
375-0060;;;1;Stck;C42334-A55-A407;Stiftleiste  C42334-A55-A407;;;;;;
375-0062;;;0;Stck;C42 334-A56-A41;Federleiste  C42 334-A56-A41;;;;;;
375-0080;;;0;Stck;CKG 21-031N4;Steckerleiste  CKG 21-031N4;;;;;;
375-0081;;;0;Stck;CKG 21-031J4;Steckerbuchsen  CKG 21-031J4;;;;;;
375-0120;;;0;Stck;100-533-053;Messerleiste  100-533-053;;;;;;
375-0125;;;0;Stck;100-532-451;Federleiste  100-532-451;;;;;;
375-0150;;;0;Stck;100-964-05;Messerleiste  100-964-05;;;;;;
375-0154;;;0;Stck;160-964-553;Federleiste  160-964-553;;;;;;
375-0155;;;0;Stck;100-964-451;Messerleiste  100-964-451;;;;;;
375-0180;;;0;Stck;100-032-053;Messerleisten  100-032-05;;;;;;
375-0185;;;0;Stck;100-032-457;Federleiste  100-032-457;;;;;;
375-0187;;;0;Stck;100-032-455;Federleiste  100-032-455;;;;;;
375-0270;;;0;Stck;H11M-C2A;Steckerbuchse  H11M-C2A;;;;;;
375-0272;;;0;Stck;H11F-C25;Steckerleiste  H11F-C25;;;;;;
375-0730;;;22;Stck;.;Stiftleiste  .;;;;;;
375-1530;;;1;Stck;36pol/einreihig;Buchsenleiste  36pol/einreihig;;;;;;
376-0050;;;1;Stck;T 3360 001;Kabelstecker/5pol  T 3360 001;Nur fr Zwischenprng;;;;;
376-0052;;;6;Stck;5pol;Diodenstecker  5pol;;;;;;
376-0200;;;5;Stck;A-DS09LL/Z;Stiftstecker  A-DS09LL/Z;;;;;;
376-0209;;;7;Stck;A-DS15LL/Z;Stiftstecker  A-DS15LL/Z;;;;;;
376-0219;;;9;Stck;A-DS25LL/Z;Stiftstecker  A-DS25LL/Z;;;;;;
376-0250;;;1;Stck;A-DF09LL/Z;Buchsenstecker  A-DF09LL/Z;;;;;;
376-0269;;;11;Stck;A-DF25LL/Z;Buchsenstecker  A-DF25LL/Z;;;;;;
376-0409;;;1;Stck;AGP 15P;Steckergeh„use  AGP 15P;;;;;;
376-0560;;;0;Stck;DPPK;SubD Geh„use  9 pol. Schwarz;;;;;;
376-0566;;;11;Stck;AGP 25P;Steckergeh„use  AGP 25P;;;;;;
376-8253;;;2;Stck;7pol;Stecker SV71  7pol;;;;;;
377-0118;;;7;Stck;8pol;DIP-FIX Schalter  8pol;;;;;;
377-0184;;;8;Stck;CKV 34-023-L00;Bandleitungstecker  CKV 34-023-L00;;;;;;
377-1178;;;14;Stck;CKV 34-023;Federleiste 34-pol.  CKV 34-023;;;;;;
378-0138;;;7;Stck;18521102;Kaltger„te-Einbau m.Schal 18521102;;;;;;
381-0003;;;47;50Stk;TO-3;Glimmerscheibe  TO-3;;;;;;
381-0220;;;47;20 St;T-220;Glimmerscheibe  T-220;;;;;;
382-0140;;;16;Stck;SKK510 BC140;Khlk”rper  SKK510 BC140;;;;;;
382-0358;;;10;Stck;FK 201/SA-CB;Khlk”rper  FK 201/SA-CB;Fr T03,9,32,66,RTH6K/W;;;;;
383-0601;;;1;Dose;WLP 35;Leitpaste  WLP 35;;;;;;
384-0005;;;143;Stck;M518-01N;Abstandshalter/Trans  TO-5;;;;;;
384-0018;;;38;Stck;M1802D;Abstandshalter/Trans  TO-18;;;;;;
386-0003;;;31;Stck;TO-3;Isolierbuchse  TO-3;;;;;;
386-0671;;;17;50 St;IB 4;Isolierbuchse  IB 4;;;;;;
386-0672;;;28;Pck;IB2;Isolierbuchse  IB2;;;;;;
387-0400;;;0;Stck;M7;Befestigungsmutter  M7;;;;;;
387-0401;;;33;Stck;M10;Befestigungsmutter  M10;;;;;;
387-0500;;;105;Stck;M6*0.75;Befestigungsmutter  M6*0.75;;;;;;
391-0012;;;12;Stck;3100BLACK;Ger„tefuá  3100BLACK;;;;;;
392-0042;;;54;Stck;kk 2;Zugentlastung  kk 2;;;;;;
392-0186;;;47;Stck;HV1216;Leitungseinfhrung  HV1216;;;;;;
393-0009;;;1;Stck;440005P;Batterieanschluá  9V;;;;;;
394-0161;;;13;Stck;5mm;Abstandshlsen  5mm;Aussen 5,0mm Innen 3,4mm;;;;;
394-0162;;;326;Stck;10mm;Abstandshlsen  10mm;Aussen 5,0mm Innen 3,4mm;;;;;
395-0061;;;12;Stck;12mm/4mmAchse;Kn”pfe  12mm/4mmAchse;;;;;;
395-0064;;;12;Stck;20mm/6mmAchse;Kn”pfe  20mm/6mmAchse;;;;;;
401-0811;;;20;Stck;RE 200 HP;Platine L”tpunktraster  RE 200HP;L”tpunktraster;;;;;
401-0812;;;30;Stck;RE 520 HP;Platine L”tstreifenraster RE 520 HP;L”tstreifenraster;;;;;
401-0813;;;33;Stck;RE 525 HP;Platine L”tpunktraster  RE 525 HP;L”tpunktraster mit Steckeranschluá;;;;;
401-0814;;;30;Stck;RE 521 HP;Platine L”tstreifen  RE 521 HP;L”tstreifenraster mit Steckeranschluá;;;;;
403-5228;;;2;Stck;groá;ABS-Geh„use  groá;;;;;;
403-5239;;;5;Stck;klein;ABS-Geh„use  klein;;;;;;
501-0402;;;0;Rolle;LiY 0.5;Schaltlitze braun  LiY 0.5;;;;;;
501-0407;;;0;Rolle;LiY 0.5;Schaltlitze blau  LiY 0.5;;;;;;
501-0408;;;0;Rolle;LiY 0.5;Schaltlitze rot  LiY 0.5;;;;;;
501-0409;;;0;Rolle;LiY 0.5;Schaltlitze schwarz  LiY 0.5;;;;;;
501-0502;;;0;Rolle;LiY 0.25;Schaltlitze braun  LiY 0.25;;;;;;
501-0507;;;0;Rolle;LiY 0.25;Schaltlitze blau  LiY 0.25;;;;;;
501-0508;;;0;Rolle;LiY 0.25;Schaltlitze rot  LiY 0.25;;;;;;
501-0509;;;0;Rolle;LiY 0.25;Schaltlitze schwarz  LiY 0.25;;;;;;
501-0602;;;0;Rolle;LiY 0.14;Schaltlitze braun  LiY 0.14;;;;;;
501-0607;;;0;Rolle;LiY 0.14;Schaltlitze blau  LiY 0.14;;;;;;
501-0608;;;0;Rolle;LiY 0.14;Schaltlitze rot  LiY 0.14;;;;;;
501-0609;;;0;Rolle;LiY 0.14;Schaltlitze schwarz  LiY 0.14;;;;;;
502-0010;;;0;Rolle;TCW25 250G;Kupferdraht, verzinnt  0.5 mm;;;;;;
502-0810;;;1;m;HFT-A 16;Schrumpfschlauch  HFT-A 16;;;;;;
502-0815;;;2;m;HFT-A 32;Schrumpfschlauch  HFT-A 32;;;;;;
511-0013;;;1;Stck;PP130;Pruefspitze schwarz  PP130;;;;;;
511-0014;;;0;Stck;PP130;Pruefspitze rot  PP130;Schublade;;;;;
511-0015;;;0;Stck;;Messleitung-Set schw. / rot;fr Durchgangsprfer (Schublade);;;;;
511-0211;;;9;Stck;AK 2 S;Abgreifklemme schwarz  AK 2 S;Schublade;;;;;
511-0212;;;8;Stck;AK 2 S;Abgreifklemme rot  AK 2 S;Schublade;;;;;
511-0411;;;26;Stck;BšELA30K;Bschelstecker 4mm  schwarz;Schublade;;;;;
511-0412;;;10;Stck;BšELA30K;Bschelstecker 4mm  rot;Schublade;;;;;
511-1000;;;2;Stck;KLEPS 250;Klemmprfspitze schwarz  KLEPS 250;Schublade;;;;;
511-1010;;;2;Stck;KLEPS 250;Klemmprfspitze rot  KLEPS 250;Schublade;;;;;
511-1148;;;8;Stck;..;Schwamm  5224 1999;L”tstation;;;;;
511-2209;;;4;Stck;KH 1;L”tkolbenst„nder  KH 1;Schublade;;;;;
511-2210;;;2;Stck;TCP 24;L”tkolben  TCP 24;24V / 50W;;;;;
511-2220;;;0;Stck;TCP S;L”tkolben;12V / 30W;;;;;
520-0010;;;5;Stck;..;HSS-Spiralbohrer Typ203 1,0mm;;;;;;
520-0013;;;5;Stck;..;HSS-Spiralbohrer Typ203 1,3mm;;;;;;
520-0014;;;5;Stck;..;HSS-Spiralbohrer Typ203 1,4mm;;;;;;
520-0015;;;3;Stck;..;HSS-Spiralbohrer Typ203 1,5mm;;;;;;
;;;;;;;;;;;;
;;;;;;;;;;;;
;;;;;;;;;;;;
;;;;;;;;;;;;
;;;;;;;;;;;;
;;;;;;;;;;;;
;;;;;;;;;;;;
